gfx,cu_num,M,N,K,bias,dtype,outdtype,scaleAB,bpreshuffle,libtype,solidx,splitK,us,kernelName,err_ratio,tflops,bw
gfx950,256,1,1,4096,False,torch.bfloat16,torch.bfloat16,False,False,skinny,2,0,2.1663,sol2,0.0,0.0,7.56
gfx950,256,1,64,4096,False,torch.bfloat16,torch.bfloat16,False,False,skinny,2,0,2.879,sol2,0.0,0.18,185.0
gfx950,256,1,256,4096,False,torch.bfloat16,torch.bfloat16,False,False,skinny,2,0,3.6718,sol2,0.0,0.57,573.52
gfx950,256,1,512,4096,False,torch.bfloat16,torch.bfloat16,False,False,skinny,2,0,5.1911,sol2,0.0,0.81,809.76
gfx950,256,1,1024,4096,False,torch.bfloat16,torch.bfloat16,False,False,flydsl,3659,8,5.8023,flydsl_gemm6_abf16_wbf16_bf16_t16x64x64_split_k8_block_m_warp1_block_n_warp2_block_k_warp1_async_copyTrue_b_to_ldsTrue_b_preshuffleFalse_c_to_ldsFalse_gfx950,0.0283,1.45,1447.5
gfx950,256,1,4096,512,False,torch.bfloat16,torch.bfloat16,False,False,triton,0,0,3.8969,auto,0.0,1.08,1078.68
gfx950,256,1,4096,4096,False,torch.bfloat16,torch.bfloat16,False,False,flydsl,4018,4,8.5085,flydsl_gemm7_abf16_wbf16_bf16_t16x64x64_split_k4_block_m_warp1_block_n_warp1_block_k_warp1_async_copyTrue_b_to_ldsTrue_b_preshuffleFalse_c_to_ldsFalse_gfx950,0.0134,3.94,3945.56
gfx950,256,1,4096,8192,False,torch.bfloat16,torch.bfloat16,False,False,flydsl,1463,8,13.6938,flydsl_gemm3_abf16_wbf16_bf16_t16x128x64_split_k8_block_m_warp1_block_n_warp2_block_k_warp1_async_copyTrue_b_to_ldsTrue_b_preshuffleFalse_c_to_ldsFalse_gfx950,0.0208,4.9,4902.47
gfx950,256,1,8192,4096,False,torch.bfloat16,torch.bfloat16,False,False,triton,0,0,13.2664,auto,0.0,5.06,5060.41
gfx950,256,1,8704,4096,False,torch.bfloat16,torch.bfloat16,False,False,flydsl,4249,1,15.2086,flydsl_gemm8_abf16_wbf16_bf16_t16x64x128_split_k1_block_m_warp1_block_n_warp1_block_k_warp2_async_copyTrue_b_to_ldsTrue_b_preshuffleFalse_c_to_ldsFalse_gfx950,0.0051,4.69,4690.03
gfx950,256,1,10240,4096,False,torch.bfloat16,torch.bfloat16,False,False,flydsl,2458,1,17.3442,flydsl_gemm4_abf16_wbf16_bf16_t16x64x256_split_k1_block_m_warp1_block_n_warp2_block_k_warp1_async_copyTrue_b_to_ldsTrue_b_preshuffleFalse_c_to_ldsFalse_gfx950,0.0,4.84,4838.2
gfx950,256,2,1,4096,False,torch.bfloat16,torch.bfloat16,False,False,skinny,2,0,2.515,sol2,0.0,0.01,9.77
gfx950,256,2,64,4096,False,torch.bfloat16,torch.bfloat16,False,False,skinny,2,0,3.9881,sol2,0.0,0.26,135.64
gfx950,256,2,256,4096,False,torch.bfloat16,torch.bfloat16,False,False,skinny,2,0,4.0261,sol2,0.0,1.04,525.21
gfx950,256,2,512,4096,False,torch.bfloat16,torch.bfloat16,False,False,flydsl,4271,8,5.3191,flydsl_gemm8_abf16_wbf16_bf16_t16x64x64_split_k8_block_m_warp1_block_n_warp2_block_k_warp1_async_copyTrue_b_to_ldsTrue_b_preshuffleFalse_c_to_ldsFalse_gfx950,0.0234,1.58,792.0
gfx950,256,2,1024,4096,False,torch.bfloat16,torch.bfloat16,False,False,flydsl,4023,8,6.0322,flydsl_gemm7_abf16_wbf16_bf16_t16x64x64_split_k8_block_m_warp1_block_n_warp2_block_k_warp1_async_copyTrue_b_to_ldsTrue_b_preshuffleFalse_c_to_ldsFalse_gfx950,0.0186,2.78,1394.03
gfx950,256,2,4096,512,False,torch.bfloat16,torch.bfloat16,False,False,triton,0,0,3.9258,auto,0.0,2.14,1073.09
gfx950,256,2,4096,4096,False,torch.bfloat16,torch.bfloat16,False,False,flydsl,2452,4,8.7173,flydsl_gemm4_abf16_wbf16_bf16_t16x64x128_split_k4_block_m_warp1_block_n_warp2_block_k_warp1_async_copyTrue_b_to_ldsTrue_b_preshuffleFalse_c_to_ldsFalse_gfx950,0.0131,7.7,3852.94
gfx950,256,2,4096,8192,False,torch.bfloat16,torch.bfloat16,False,False,flydsl,2419,8,13.9909,flydsl_gemm4_abf16_wbf16_bf16_t16x128x128_split_k8_block_m_warp1_block_n_warp4_block_k_warp1_async_copyTrue_b_to_ldsTrue_b_preshuffleFalse_c_to_ldsFalse_gfx950,0.02,9.59,4800.12
gfx950,256,2,8192,4096,False,torch.bfloat16,torch.bfloat16,False,False,triton,0,0,13.2719,auto,0.0,10.11,5060.17
gfx950,256,2,8704,4096,False,torch.bfloat16,torch.bfloat16,False,False,flydsl,2458,1,16.0604,flydsl_gemm4_abf16_wbf16_bf16_t16x64x256_split_k1_block_m_warp1_block_n_warp2_block_k_warp1_async_copyTrue_b_to_ldsTrue_b_preshuffleFalse_c_to_ldsFalse_gfx950,0.0,8.88,4442.88
gfx950,256,2,10240,4096,False,torch.bfloat16,torch.bfloat16,False,False,flydsl,2446,1,16.9496,flydsl_gemm4_abf16_wbf16_bf16_t16x64x128_split_k1_block_m_warp1_block_n_warp2_block_k_warp1_async_copyTrue_b_to_ldsTrue_b_preshuffleFalse_c_to_ldsFalse_gfx950,0.0,9.9,4952.53
gfx950,256,4,1,4096,False,torch.bfloat16,torch.bfloat16,False,False,skinny,2,0,3.3396,sol2,0.0,0.01,12.27
gfx950,256,4,64,4096,False,torch.bfloat16,torch.bfloat16,False,False,skinny,2,0,4.0827,sol2,0.0,0.51,136.57
gfx950,256,4,256,4096,False,torch.bfloat16,torch.bfloat16,False,False,flydsl,4022,8,4.8663,flydsl_gemm7_abf16_wbf16_bf16_t16x64x64_split_k8_block_m_warp1_block_n_warp1_block_k_warp2_async_copyTrue_b_to_ldsTrue_b_preshuffleFalse_c_to_ldsFalse_gfx950,0.0273,1.72,438.11
gfx950,256,4,512,4096,False,torch.bfloat16,torch.bfloat16,False,False,flydsl,3659,8,5.3058,flydsl_gemm6_abf16_wbf16_bf16_t16x64x64_split_k8_block_m_warp1_block_n_warp2_block_k_warp1_async_copyTrue_b_to_ldsTrue_b_preshuffleFalse_c_to_ldsFalse_gfx950,0.022,3.16,797.46
gfx950,256,4,1024,4096,False,torch.bfloat16,torch.bfloat16,False,False,flydsl,4023,8,5.9724,flydsl_gemm7_abf16_wbf16_bf16_t16x64x64_split_k8_block_m_warp1_block_n_warp2_block_k_warp1_async_copyTrue_b_to_ldsTrue_b_preshuffleFalse_c_to_ldsFalse_gfx950,0.0164,5.62,1411.42
gfx950,256,4,4096,512,False,torch.bfloat16,torch.bfloat16,False,False,triton,0,0,4.447,auto,0.0,3.77,951.47
gfx950,256,4,4096,4096,False,torch.bfloat16,torch.bfloat16,False,False,flydsl,1484,4,8.9727,flydsl_gemm3_abf16_wbf16_bf16_t16x64x128_split_k4_block_m_warp1_block_n_warp2_block_k_warp1_async_copyTrue_b_to_ldsTrue_b_preshuffleFalse_c_to_ldsFalse_gfx950,0.0117,14.96,3746.92
gfx950,256,4,4096,8192,False,torch.bfloat16,torch.bfloat16,False,False,flydsl,2419,8,14.8624,flydsl_gemm4_abf16_wbf16_bf16_t16x128x128_split_k8_block_m_warp1_block_n_warp4_block_k_warp1_async_copyTrue_b_to_ldsTrue_b_preshuffleFalse_c_to_ldsFalse_gfx950,0.0197,18.06,4521.96
gfx950,256,4,8192,4096,False,torch.bfloat16,torch.bfloat16,False,False,triton,0,0,13.1195,auto,0.0,20.46,5122.69
gfx950,256,4,8704,4096,False,torch.bfloat16,torch.bfloat16,False,False,flydsl,2446,1,15.8821,flydsl_gemm4_abf16_wbf16_bf16_t16x64x128_split_k1_block_m_warp1_block_n_warp2_block_k_warp1_async_copyTrue_b_to_ldsTrue_b_preshuffleFalse_c_to_ldsFalse_gfx950,0.0,17.96,4495.98
gfx950,256,4,10240,4096,False,torch.bfloat16,torch.bfloat16,False,False,flydsl,3649,1,17.0573,flydsl_gemm6_abf16_wbf16_bf16_t16x64x64_split_k1_block_m_warp1_block_n_warp1_block_k_warp2_async_copyTrue_b_to_ldsTrue_b_preshuffleFalse_c_to_ldsFalse_gfx950,0.0051,19.67,4924.62
gfx950,256,6,124160,4096,False,torch.bfloat16,torch.bfloat16,False,False,torch,0,0,162.4779,native,0.0,37.56,6269.52
gfx950,256,7,124160,4096,False,torch.bfloat16,torch.bfloat16,False,False,torch,0,0,163.6164,native,0.0,43.52,6227.46
gfx950,256,8,1,4096,False,torch.bfloat16,torch.bfloat16,False,False,skinny,2,0,4.7162,sol2,0.0,0.01,15.64
gfx950,256,8,64,4096,False,torch.bfloat16,torch.bfloat16,False,False,flydsl,1827,4,4.4966,flydsl_gemm7_abf16_wbf16_bf16_t16x64x128_split_k4_block_m_warp1_block_n_warp1_block_k_warp2_async_copyTrue_b_to_ldsTrue_b_preshuffleFalse_c_to_ldsFalse_gfx950,0.0293,0.93,131.4
gfx950,256,8,256,4096,False,torch.bfloat16,torch.bfloat16,False,False,flydsl,2455,8,4.7958,flydsl_gemm4_abf16_wbf16_bf16_t16x64x128_split_k8_block_m_warp1_block_n_warp2_block_k_warp1_async_copyTrue_b_to_ldsTrue_b_preshuffleFalse_c_to_ldsFalse_gfx950,0.0239,3.5,451.81
gfx950,256,8,512,4096,False,torch.bfloat16,torch.bfloat16,False,False,flydsl,4271,8,5.3466,flydsl_gemm8_abf16_wbf16_bf16_t16x64x64_split_k8_block_m_warp1_block_n_warp2_block_k_warp1_async_copyTrue_b_to_ldsTrue_b_preshuffleFalse_c_to_ldsFalse_gfx950,0.0195,6.28,798.27
gfx950,256,8,1024,4096,False,torch.bfloat16,torch.bfloat16,False,False,flydsl,4023,8,6.0026,flydsl_gemm7_abf16_wbf16_bf16_t16x64x64_split_k8_block_m_warp1_block_n_warp2_block_k_warp1_async_copyTrue_b_to_ldsTrue_b_preshuffleFalse_c_to_ldsFalse_gfx950,0.019,11.18,1411.14
gfx950,256,8,4096,512,False,torch.bfloat16,torch.bfloat16,False,False,triton,0,0,3.9857,auto,0.0,8.42,1070.84
gfx950,256,8,4096,4096,False,torch.bfloat16,torch.bfloat16,False,False,flydsl,4020,4,9.1543,flydsl_gemm7_abf16_wbf16_bf16_t16x64x64_split_k4_block_m_warp1_block_n_warp2_block_k_warp1_async_copyTrue_b_to_ldsTrue_b_preshuffleFalse_c_to_ldsFalse_gfx950,0.0122,29.32,3679.75
gfx950,256,8,4096,8192,False,torch.bfloat16,torch.bfloat16,False,False,flydsl,3999,8,15.2037,flydsl_gemm7_abf16_wbf16_bf16_t16x128x64_split_k8_block_m_warp1_block_n_warp2_block_k_warp1_async_copyTrue_b_to_ldsTrue_b_preshuffleFalse_c_to_ldsFalse_gfx950,0.0218,35.31,4426.91
gfx950,256,8,8192,4096,False,torch.bfloat16,torch.bfloat16,False,False,triton,0,0,13.2491,auto,0.0,40.52,5080.0
gfx950,256,8,8704,4096,False,torch.bfloat16,torch.bfloat16,False,False,flydsl,2457,1,15.0791,flydsl_gemm4_abf16_wbf16_bf16_t16x64x256_split_k1_block_m_warp1_block_n_warp1_block_k_warp2_async_copyTrue_b_to_ldsTrue_b_preshuffleFalse_c_to_ldsFalse_gfx950,0.0048,37.83,4742.19
gfx950,256,8,10240,4096,False,torch.bfloat16,torch.bfloat16,False,False,flydsl,2457,1,16.2636,flydsl_gemm4_abf16_wbf16_bf16_t16x64x256_split_k1_block_m_warp1_block_n_warp1_block_k_warp2_async_copyTrue_b_to_ldsTrue_b_preshuffleFalse_c_to_ldsFalse_gfx950,0.0049,41.26,5172.01
gfx950,256,8,124160,4096,False,torch.bfloat16,torch.bfloat16,False,False,torch,0,0,163.2246,native,0.0,49.85,6243.98
gfx950,256,16,1,4096,False,torch.bfloat16,torch.bfloat16,False,False,torch,0,0,8.2962,native,0.0,0.02,16.79
gfx950,256,16,4096,512,False,torch.bfloat16,torch.bfloat16,False,False,triton,0,0,3.8083,auto,0.0,17.62,1140.08
gfx950,256,16,4096,4096,False,torch.bfloat16,torch.bfloat16,False,False,flydsl,3164,4,9.4768,flydsl_gemm5_abf16_wbf16_bf16_t16x64x128_split_k4_block_m_warp1_block_n_warp2_block_k_warp1_async_copyTrue_b_to_ldsTrue_b_preshuffleFalse_c_to_ldsFalse_gfx950,0.0122,56.65,3568.35
gfx950,256,16,4096,8192,False,torch.bfloat16,torch.bfloat16,False,False,flydsl,1451,8,16.2404,flydsl_gemm3_abf16_wbf16_bf16_t16x128x128_split_k8_block_m_warp1_block_n_warp4_block_k_warp1_async_copyTrue_b_to_ldsTrue_b_preshuffleFalse_c_to_ldsFalse_gfx950,0.0203,66.12,4156.43
gfx950,256,16,8192,4096,False,torch.bfloat16,torch.bfloat16,False,False,triton,0,0,13.2411,auto,0.0,81.09,5097.92
gfx950,256,16,8704,4096,False,torch.bfloat16,torch.bfloat16,False,False,flydsl,2457,1,15.7436,flydsl_gemm4_abf16_wbf16_bf16_t16x64x256_split_k1_block_m_warp1_block_n_warp1_block_k_warp2_async_copyTrue_b_to_ldsTrue_b_preshuffleFalse_c_to_ldsFalse_gfx950,0.0048,72.46,4555.04
gfx950,256,16,10240,4096,False,torch.bfloat16,torch.bfloat16,False,False,flydsl,2457,1,16.7325,flydsl_gemm4_abf16_wbf16_bf16_t16x64x256_split_k1_block_m_warp1_block_n_warp1_block_k_warp2_async_copyTrue_b_to_ldsTrue_b_preshuffleFalse_c_to_ldsFalse_gfx950,0.0049,80.21,5040.78
gfx950,256,24,1,4096,False,torch.bfloat16,torch.bfloat16,False,False,torch,0,0,8.1865,native,0.0,0.02,25.02
gfx950,256,24,4096,512,False,torch.bfloat16,torch.bfloat16,False,False,flydsl,3132,1,4.6556,flydsl_gemm6_abf16_wbf16_bf16_t16x64x64_split_k1_block_m_warp1_block_n_warp2_block_k_warp1_async_copyTrue_b_to_ldsTrue_b_preshuffleFalse_c_to_ldsFalse_gfx950,0.0,21.62,948.43
gfx950,256,24,4096,4096,False,torch.bfloat16,torch.bfloat16,False,False,flydsl,1492,2,10.7301,flydsl_gemm3_abf16_wbf16_bf16_t16x64x256_split_k2_block_m_warp1_block_n_warp1_block_k_warp2_async_copyTrue_b_to_ldsTrue_b_preshuffleFalse_c_to_ldsFalse_gfx950,0.0122,75.05,3163.78
gfx950,256,24,8704,4096,False,torch.bfloat16,torch.bfloat16,False,False,flydsl,2446,1,16.8637,flydsl_gemm4_abf16_wbf16_bf16_t16x64x128_split_k1_block_m_warp1_block_n_warp2_block_k_warp1_async_copyTrue_b_to_ldsTrue_b_preshuffleFalse_c_to_ldsFalse_gfx950,0.0,101.48,4264.64
gfx950,256,24,10240,4096,False,torch.bfloat16,torch.bfloat16,False,False,flydsl,1477,1,18.19,flydsl_gemm3_abf16_wbf16_bf16_t16x64x128_split_k1_block_m_warp1_block_n_warp1_block_k_warp2_async_copyTrue_b_to_ldsTrue_b_preshuffleFalse_c_to_ldsFalse_gfx950,0.0048,110.68,4649.49
gfx950,256,32,1,4096,False,torch.bfloat16,torch.bfloat16,False,False,torch,0,0,8.2714,native,0.0,0.03,32.69
gfx950,256,32,4096,512,False,torch.bfloat16,torch.bfloat16,False,False,triton,0,0,3.9702,auto,0.0,33.81,1130.73
gfx950,256,32,4096,4096,False,torch.bfloat16,torch.bfloat16,False,False,flydsl,2460,2,11.0315,flydsl_gemm4_abf16_wbf16_bf16_t16x64x256_split_k2_block_m_warp1_block_n_warp1_block_k_warp2_async_copyTrue_b_to_ldsTrue_b_preshuffleFalse_c_to_ldsFalse_gfx950,0.0123,97.33,3089.22
gfx950,256,32,4096,8192,False,torch.bfloat16,torch.bfloat16,False,False,flydsl,2460,2,17.3869,flydsl_gemm4_abf16_wbf16_bf16_t16x64x256_split_k2_block_m_warp1_block_n_warp1_block_k_warp2_async_copyTrue_b_to_ldsTrue_b_preshuffleFalse_c_to_ldsFalse_gfx950,0.0145,123.51,3904.97
gfx950,256,32,8192,4096,False,torch.bfloat16,torch.bfloat16,False,False,triton,0,0,13.6744,auto,0.0,157.04,4965.14
gfx950,256,32,8704,4096,False,torch.bfloat16,torch.bfloat16,False,False,flydsl,2446,1,16.8255,flydsl_gemm4_abf16_wbf16_bf16_t16x64x128_split_k1_block_m_warp1_block_n_warp2_block_k_warp1_async_copyTrue_b_to_ldsTrue_b_preshuffleFalse_c_to_ldsFalse_gfx950,0.0,135.61,4286.49
gfx950,256,32,10240,4096,False,torch.bfloat16,torch.bfloat16,False,False,flydsl,1683,1,18.5012,flydsl_gemm3_abf16_wbf16_bf16_t32x64x256_split_k1_block_m_warp2_block_n_warp1_block_k_warp2_async_copyTrue_b_to_ldsTrue_b_preshuffleFalse_c_to_ldsFalse_gfx950,0.0048,145.09,4583.68
gfx950,256,40,1,4096,False,torch.bfloat16,torch.bfloat16,False,False,torch,0,0,8.2387,native,0.0,0.04,40.78
gfx950,256,40,1024,4096,False,torch.bfloat16,torch.bfloat16,False,False,flydsl,4092,8,7.1578,flydsl_gemm7_abf16_wbf16_bf16_t32x64x64_split_k8_block_m_warp1_block_n_warp4_block_k_warp1_async_copyTrue_b_to_ldsTrue_b_preshuffleFalse_c_to_ldsFalse_gfx950,0.0186,46.88,1229.18
gfx950,256,40,4096,512,False,torch.bfloat16,torch.bfloat16,False,False,flydsl,3484,1,4.6964,flydsl_gemm7_abf16_wbf16_bf16_t16x64x64_split_k1_block_m_warp1_block_n_warp2_block_k_warp1_async_copyTrue_b_to_ldsTrue_b_preshuffleFalse_c_to_ldsFalse_gfx950,0.0,35.72,971.58
gfx950,256,40,4096,4096,False,torch.bfloat16,torch.bfloat16,False,False,flydsl,1690,2,11.2378,flydsl_gemm3_abf16_wbf16_bf16_t32x64x256_split_k2_block_m_warp1_block_n_warp4_block_k_warp1_async_copyTrue_b_to_ldsTrue_b_preshuffleFalse_c_to_ldsFalse_gfx950,0.005,119.43,3044.17
gfx950,256,40,8704,4096,False,torch.bfloat16,torch.bfloat16,False,False,flydsl,1641,1,18.9958,flydsl_gemm3_abf16_wbf16_bf16_t32x64x128_split_k1_block_m_warp1_block_n_warp1_block_k_warp2_async_copyTrue_b_to_ldsTrue_b_preshuffleFalse_c_to_ldsFalse_gfx950,0.0049,150.15,3807.53
gfx950,256,40,10240,4096,False,torch.bfloat16,torch.bfloat16,False,False,flydsl,1643,1,19.9664,flydsl_gemm3_abf16_wbf16_bf16_t32x64x128_split_k1_block_m_warp1_block_n_warp2_block_k_warp1_async_copyTrue_b_to_ldsTrue_b_preshuffleFalse_c_to_ldsFalse_gfx950,0.0,168.05,4258.8
gfx950,256,48,1,4096,False,torch.bfloat16,torch.bfloat16,False,False,torch,0,0,8.2516,native,0.0,0.05,48.66
gfx950,256,48,4096,512,False,torch.bfloat16,torch.bfloat16,False,False,flydsl,3484,1,4.2141,flydsl_gemm7_abf16_wbf16_bf16_t16x64x64_split_k1_block_m_warp1_block_n_warp2_block_k_warp1_async_copyTrue_b_to_ldsTrue_b_preshuffleFalse_c_to_ldsFalse_gfx950,0.0,47.77,1100.28
gfx950,256,48,4096,4096,False,torch.bfloat16,torch.bfloat16,False,False,flydsl,2623,2,11.9731,flydsl_gemm4_abf16_wbf16_bf16_t32x64x128_split_k2_block_m_warp2_block_n_warp1_block_k_warp1_async_copyTrue_b_to_ldsTrue_b_preshuffleFalse_c_to_ldsFalse_gfx950,0.0049,134.52,2868.17
gfx950,256,48,4096,8192,False,torch.bfloat16,torch.bfloat16,False,False,flydsl,2625,2,18.56,flydsl_gemm4_abf16_wbf16_bf16_t32x64x128_split_k2_block_m_warp2_block_n_warp2_block_k_warp1_async_copyTrue_b_to_ldsTrue_b_preshuffleFalse_c_to_ldsFalse_gfx950,0.0062,173.56,3679.34
gfx950,256,48,8192,4096,False,torch.bfloat16,torch.bfloat16,False,False,flydsl,2612,1,16.9464,flydsl_gemm4_abf16_wbf16_bf16_t32x64x128_split_k1_block_m_warp1_block_n_warp2_block_k_warp2_async_copyTrue_b_to_ldsTrue_b_preshuffleFalse_c_to_ldsFalse_gfx950,0.0049,190.08,4029.68
gfx950,256,48,8704,4096,False,torch.bfloat16,torch.bfloat16,False,False,flydsl,1643,1,18.8796,flydsl_gemm3_abf16_wbf16_bf16_t32x64x128_split_k1_block_m_warp1_block_n_warp2_block_k_warp1_async_copyTrue_b_to_ldsTrue_b_preshuffleFalse_c_to_ldsFalse_gfx950,0.0,181.28,3841.82
gfx950,256,48,10240,4096,False,torch.bfloat16,torch.bfloat16,False,False,flydsl,1643,1,20.2528,flydsl_gemm3_abf16_wbf16_bf16_t32x64x128_split_k1_block_m_warp1_block_n_warp2_block_k_warp1_async_copyTrue_b_to_ldsTrue_b_preshuffleFalse_c_to_ldsFalse_gfx950,0.0,198.81,4209.9
gfx950,256,56,1,4096,False,torch.bfloat16,torch.bfloat16,False,False,torch,0,0,8.1644,native,0.0,0.06,57.21
gfx950,256,56,1024,4096,False,torch.bfloat16,torch.bfloat16,False,False,flydsl,2463,4,7.8495,flydsl_gemm4_abf16_wbf16_bf16_t16x64x256_split_k4_block_m_warp1_block_n_warp1_block_k_warp2_async_copyTrue_b_to_ldsTrue_b_preshuffleFalse_c_to_ldsFalse_gfx950,0.0195,59.85,1141.73
gfx950,256,56,4096,512,False,torch.bfloat16,torch.bfloat16,False,False,flydsl,3132,1,4.6601,flydsl_gemm6_abf16_wbf16_bf16_t16x64x64_split_k1_block_m_warp1_block_n_warp2_block_k_warp1_async_copyTrue_b_to_ldsTrue_b_preshuffleFalse_c_to_ldsFalse_gfx950,0.0,50.4,1010.79
gfx950,256,56,4096,4096,False,torch.bfloat16,torch.bfloat16,False,False,flydsl,1690,2,12.5647,flydsl_gemm3_abf16_wbf16_bf16_t32x64x256_split_k2_block_m_warp1_block_n_warp4_block_k_warp1_async_copyTrue_b_to_ldsTrue_b_preshuffleFalse_c_to_ldsFalse_gfx950,0.0049,149.55,2743.55
gfx950,256,56,8704,4096,False,torch.bfloat16,torch.bfloat16,False,False,flydsl,1643,1,19.2493,flydsl_gemm3_abf16_wbf16_bf16_t32x64x128_split_k1_block_m_warp1_block_n_warp2_block_k_warp1_async_copyTrue_b_to_ldsTrue_b_preshuffleFalse_c_to_ldsFalse_gfx950,0.0,207.43,3778.67
gfx950,256,56,10240,4096,False,torch.bfloat16,torch.bfloat16,False,False,flydsl,1643,1,20.3735,flydsl_gemm3_abf16_wbf16_bf16_t32x64x128_split_k1_block_m_warp1_block_n_warp2_block_k_warp1_async_copyTrue_b_to_ldsTrue_b_preshuffleFalse_c_to_ldsFalse_gfx950,0.0,230.58,4196.22
gfx950,256,64,1,4096,False,torch.bfloat16,torch.bfloat16,False,False,torch,0,0,8.1688,native,0.0,0.06,65.2
gfx950,256,64,4096,512,False,torch.bfloat16,torch.bfloat16,False,False,flydsl,4183,1,4.7372,flydsl_gemm6_abf16_wbf16_bf16_t16x64x64_split_k1_block_m_warp1_block_n_warp2_block_k_warp1_async_copyTrue_b_to_ldsTrue_b_preshuffleFalse_c_to_ldsFalse_gfx950,0.0,56.67,1009.91
gfx950,256,64,4096,4096,False,torch.bfloat16,torch.bfloat16,False,False,flydsl,2422,2,12.3969,flydsl_gemm3_abf16_wbf16_bf16_t32x64x256_split_k2_block_m_warp1_block_n_warp4_block_k_warp1_async_copyTrue_b_to_ldsTrue_b_preshuffleFalse_c_to_ldsFalse_gfx950,0.0049,173.23,2791.26
gfx950,256,64,4096,8192,False,torch.bfloat16,torch.bfloat16,False,False,flydsl,3517,2,20.0442,flydsl_gemm4_abf16_wbf16_bf16_t32x64x128_split_k2_block_m_warp2_block_n_warp2_block_k_warp1_async_copyTrue_b_to_ldsTrue_b_preshuffleFalse_c_to_ldsFalse_gfx950,0.0061,214.27,3426.51
gfx950,256,64,8192,4096,False,torch.bfloat16,torch.bfloat16,False,False,triton,0,0,17.0494,auto,0.0,251.91,4028.4
gfx950,256,64,8704,4096,False,torch.bfloat16,torch.bfloat16,False,False,flydsl,2375,1,19.2643,flydsl_gemm3_abf16_wbf16_bf16_t32x64x128_split_k1_block_m_warp1_block_n_warp2_block_k_warp1_async_copyTrue_b_to_ldsTrue_b_preshuffleFalse_c_to_ldsFalse_gfx950,0.0,236.88,3786.36
gfx950,256,64,10240,4096,False,torch.bfloat16,torch.bfloat16,False,False,flydsl,2373,1,20.7234,flydsl_gemm3_abf16_wbf16_bf16_t32x64x128_split_k1_block_m_warp1_block_n_warp1_block_k_warp2_async_copyTrue_b_to_ldsTrue_b_preshuffleFalse_c_to_ldsFalse_gfx950,0.0048,259.07,4136.44
gfx950,256,72,1,4096,False,torch.bfloat16,torch.bfloat16,False,False,torch,0,0,8.2663,native,0.0,0.07,72.36
gfx950,256,72,1024,4096,False,torch.bfloat16,torch.bfloat16,False,False,flydsl,5451,4,8.1151,flydsl_gemm8_abf16_wbf16_bf16_t32x64x64_split_k4_block_m_warp1_block_n_warp4_block_k_warp1_async_copyTrue_b_to_ldsTrue_b_preshuffleFalse_c_to_ldsFalse_gfx950,0.0119,74.43,1124.56
gfx950,256,72,4096,512,False,torch.bfloat16,torch.bfloat16,False,False,flydsl,4264,1,4.2098,flydsl_gemm6_abf16_wbf16_bf16_t32x64x64_split_k1_block_m_warp2_block_n_warp2_block_k_warp1_async_copyTrue_b_to_ldsTrue_b_preshuffleFalse_c_to_ldsFalse_gfx950,0.0,71.73,1153.94
gfx950,256,72,4096,4096,False,torch.bfloat16,torch.bfloat16,False,False,asm,7,4,14.0828,_ZN5aiter39bf16gemm_fp32bf16_tn_80x64_splitk_cleanE,0.0117,171.55,2466.42
gfx950,256,72,8704,4096,False,torch.bfloat16,torch.bfloat16,False,False,flydsl,3610,1,21.707,flydsl_gemm4_abf16_wbf16_bf16_t48x64x64_split_k1_block_m_warp1_block_n_warp2_block_k_warp1_async_copyTrue_b_to_ldsTrue_b_preshuffleFalse_c_to_ldsFalse_gfx950,0.0,236.51,3369.71
gfx950,256,72,10240,4096,False,torch.bfloat16,torch.bfloat16,False,False,flydsl,3610,1,22.8303,flydsl_gemm4_abf16_wbf16_bf16_t48x64x64_split_k1_block_m_warp1_block_n_warp2_block_k_warp1_async_copyTrue_b_to_ldsTrue_b_preshuffleFalse_c_to_ldsFalse_gfx950,0.0,264.55,3764.75
gfx950,256,80,1,4096,False,torch.bfloat16,torch.bfloat16,False,False,torch,0,0,8.1724,native,0.0,0.08,81.21
gfx950,256,80,1024,4096,False,torch.bfloat16,torch.bfloat16,False,False,flydsl,5451,4,8.3747,flydsl_gemm8_abf16_wbf16_bf16_t32x64x64_split_k4_block_m_warp1_block_n_warp4_block_k_warp1_async_copyTrue_b_to_ldsTrue_b_preshuffleFalse_c_to_ldsFalse_gfx950,0.0115,80.13,1099.48
gfx950,256,80,4096,512,False,torch.bfloat16,torch.bfloat16,False,False,flydsl,4183,1,4.8143,flydsl_gemm6_abf16_wbf16_bf16_t16x64x64_split_k1_block_m_warp1_block_n_warp2_block_k_warp1_async_copyTrue_b_to_ldsTrue_b_preshuffleFalse_c_to_ldsFalse_gfx950,0.0,69.7,1024.36
gfx950,256,80,4096,4096,False,torch.bfloat16,torch.bfloat16,False,False,asm,7,4,14.3052,_ZN5aiter39bf16gemm_fp32bf16_tn_80x64_splitk_cleanE,0.0117,187.65,2437.24
gfx950,256,80,8704,4096,False,torch.bfloat16,torch.bfloat16,False,False,flydsl,3610,1,22.0118,flydsl_gemm4_abf16_wbf16_bf16_t48x64x64_split_k1_block_m_warp1_block_n_warp2_block_k_warp1_async_copyTrue_b_to_ldsTrue_b_preshuffleFalse_c_to_ldsFalse_gfx950,0.0,259.15,3332.36
gfx950,256,80,10240,4096,False,torch.bfloat16,torch.bfloat16,False,False,flydsl,3610,1,23.4996,flydsl_gemm4_abf16_wbf16_bf16_t48x64x64_split_k1_block_m_warp1_block_n_warp2_block_k_warp1_async_copyTrue_b_to_ldsTrue_b_preshuffleFalse_c_to_ldsFalse_gfx950,0.0,285.57,3667.29
gfx950,256,88,1,4096,False,torch.bfloat16,torch.bfloat16,False,False,torch,0,0,8.2743,native,0.0,0.09,88.14
gfx950,256,88,1024,4096,False,torch.bfloat16,torch.bfloat16,False,False,flydsl,3523,4,8.8163,flydsl_gemm4_abf16_wbf16_bf16_t32x64x128_split_k4_block_m_warp1_block_n_warp4_block_k_warp1_async_copyTrue_b_to_ldsTrue_b_preshuffleFalse_c_to_ldsFalse_gfx950,0.012,83.73,1053.7
gfx950,256,88,4096,512,False,torch.bfloat16,torch.bfloat16,False,False,flydsl,4183,1,4.926,flydsl_gemm6_abf16_wbf16_bf16_t16x64x64_split_k1_block_m_warp1_block_n_warp2_block_k_warp1_async_copyTrue_b_to_ldsTrue_b_preshuffleFalse_c_to_ldsFalse_gfx950,0.0,74.93,1016.1
gfx950,256,88,4096,4096,False,torch.bfloat16,torch.bfloat16,False,False,asm,8,4,14.8921,_ZN5aiter39bf16gemm_fp32bf16_tn_96x64_splitk_cleanE,0.0119,198.28,2349.99
gfx950,256,88,8704,4096,False,torch.bfloat16,torch.bfloat16,False,False,flydsl,3610,1,22.1019,flydsl_gemm4_abf16_wbf16_bf16_t48x64x64_split_k1_block_m_warp1_block_n_warp2_block_k_warp1_async_copyTrue_b_to_ldsTrue_b_preshuffleFalse_c_to_ldsFalse_gfx950,0.0,283.9,3328.04
gfx950,256,88,10240,4096,False,torch.bfloat16,torch.bfloat16,False,False,flydsl,3610,1,23.7103,flydsl_gemm4_abf16_wbf16_bf16_t48x64x64_split_k1_block_m_warp1_block_n_warp2_block_k_warp1_async_copyTrue_b_to_ldsTrue_b_preshuffleFalse_c_to_ldsFalse_gfx950,0.0,311.34,3644.37
gfx950,256,96,1,4096,False,torch.bfloat16,torch.bfloat16,False,False,torch,0,0,8.1773,native,0.0,0.1,97.2
gfx950,256,96,4096,512,False,torch.bfloat16,torch.bfloat16,False,False,flydsl,4183,1,4.8706,flydsl_gemm6_abf16_wbf16_bf16_t16x64x64_split_k1_block_m_warp1_block_n_warp2_block_k_warp1_async_copyTrue_b_to_ldsTrue_b_preshuffleFalse_c_to_ldsFalse_gfx950,0.0,82.67,1042.8
gfx950,256,96,4096,4096,False,torch.bfloat16,torch.bfloat16,False,False,asm,8,4,14.9548,_ZN5aiter39bf16gemm_fp32bf16_tn_96x64_splitk_cleanE,0.0117,215.4,2348.9
gfx950,256,96,4096,8192,False,torch.bfloat16,torch.bfloat16,False,False,flydsl,3786,2,22.6192,flydsl_gemm4_abf16_wbf16_bf16_t64x64x128_split_k2_block_m_warp2_block_n_warp4_block_k_warp1_async_copyTrue_b_to_ldsTrue_b_preshuffleFalse_c_to_ldsFalse_gfx950,0.0061,284.82,3071.2
gfx950,256,96,8192,4096,False,torch.bfloat16,torch.bfloat16,False,False,flydsl,3772,1,19.5099,flydsl_gemm4_abf16_wbf16_bf16_t64x64x128_split_k1_block_m_warp4_block_n_warp2_block_k_warp1_async_copyTrue_b_to_ldsTrue_b_preshuffleFalse_c_to_ldsFalse_gfx950,0.0,330.21,3560.66
gfx950,256,96,8704,4096,False,torch.bfloat16,torch.bfloat16,False,False,flydsl,3610,1,22.5154,flydsl_gemm4_abf16_wbf16_bf16_t48x64x64_split_k1_block_m_warp1_block_n_warp2_block_k_warp1_async_copyTrue_b_to_ldsTrue_b_preshuffleFalse_c_to_ldsFalse_gfx950,0.0,304.02,3276.01
gfx950,256,96,10240,4096,False,torch.bfloat16,torch.bfloat16,False,False,flydsl,3610,1,23.3365,flydsl_gemm4_abf16_wbf16_bf16_t48x64x64_split_k1_block_m_warp1_block_n_warp2_block_k_warp1_async_copyTrue_b_to_ldsTrue_b_preshuffleFalse_c_to_ldsFalse_gfx950,0.0,345.08,3712.58
gfx950,256,104,1,4096,False,torch.bfloat16,torch.bfloat16,False,False,torch,0,0,8.2799,native,0.0,0.1,103.91
gfx950,256,104,1024,4096,False,torch.bfloat16,torch.bfloat16,False,False,flydsl,3523,4,9.1119,flydsl_gemm4_abf16_wbf16_bf16_t32x64x128_split_k4_block_m_warp1_block_n_warp4_block_k_warp1_async_copyTrue_b_to_ldsTrue_b_preshuffleFalse_c_to_ldsFalse_gfx950,0.0116,95.74,1037.5
gfx950,256,104,4096,512,False,torch.bfloat16,torch.bfloat16,False,False,flydsl,4586,1,4.8426,flydsl_gemm7_abf16_wbf16_bf16_t32x64x64_split_k1_block_m_warp1_block_n_warp4_block_k_warp1_async_copyTrue_b_to_ldsTrue_b_preshuffleFalse_c_to_ldsFalse_gfx950,0.0,90.08,1064.05
gfx950,256,104,4096,4096,False,torch.bfloat16,torch.bfloat16,False,False,flydsl,3508,1,15.4123,flydsl_gemm4_abf16_wbf16_bf16_t32x64x128_split_k1_block_m_warp2_block_n_warp2_block_k_warp1_async_copyTrue_b_to_ldsTrue_b_preshuffleFalse_c_to_ldsFalse_gfx950,0.0,226.42,2287.68
gfx950,256,104,8704,4096,False,torch.bfloat16,torch.bfloat16,False,False,flydsl,3827,1,23.906,flydsl_gemm4_abf16_wbf16_bf16_t64x64x64_split_k1_block_m_warp1_block_n_warp2_block_k_warp1_async_copyTrue_b_to_ldsTrue_b_preshuffleFalse_c_to_ldsFalse_gfx950,0.0,310.2,3094.02
gfx950,256,104,10240,4096,False,torch.bfloat16,torch.bfloat16,False,False,flydsl,3827,1,25.7924,flydsl_gemm4_abf16_wbf16_bf16_t64x64x64_split_k1_block_m_warp1_block_n_warp2_block_k_warp1_async_copyTrue_b_to_ldsTrue_b_preshuffleFalse_c_to_ldsFalse_gfx950,0.0,338.25,3367.97
gfx950,256,112,1,4096,False,torch.bfloat16,torch.bfloat16,False,False,torch,0,0,8.2059,native,0.0,0.11,112.84
gfx950,256,120,1,4096,False,torch.bfloat16,torch.bfloat16,False,False,torch,0,0,7.6215,native,0.0,0.13,130.09
gfx950,256,128,1,4096,False,torch.bfloat16,torch.bfloat16,False,False,torch,0,0,8.1643,native,0.0,0.13,129.47
gfx950,256,128,4096,512,False,torch.bfloat16,torch.bfloat16,False,False,flydsl,4995,1,4.4062,flydsl_gemm7_abf16_wbf16_bf16_t32x64x64_split_k1_block_m_warp1_block_n_warp4_block_k_warp1_async_copyTrue_b_to_ldsTrue_b_preshuffleFalse_c_to_ldsFalse_gfx950,0.0,121.84,1219.63
gfx950,256,128,4096,4096,False,torch.bfloat16,torch.bfloat16,False,False,flydsl,5252,1,15.4805,flydsl_gemm6_abf16_wbf16_bf16_t32x64x128_split_k1_block_m_warp1_block_n_warp2_block_k_warp2_async_copyTrue_b_to_ldsTrue_b_preshuffleFalse_c_to_ldsFalse_gfx950,0.0049,277.44,2303.0
gfx950,256,128,4096,8192,False,torch.bfloat16,torch.bfloat16,False,False,flydsl,4217,2,26.1951,flydsl_gemm4_abf16_wbf16_bf16_t64x64x128_split_k2_block_m_warp2_block_n_warp2_block_k_warp2_async_copyTrue_b_to_ldsTrue_b_preshuffleFalse_c_to_ldsFalse_gfx950,0.0145,327.92,2681.97
gfx950,256,128,8192,4096,False,torch.bfloat16,torch.bfloat16,False,False,flydsl,4888,1,21.4286,flydsl_gemm5_abf16_wbf16_bf16_t64x64x128_split_k1_block_m_warp2_block_n_warp2_block_k_warp2_async_copyTrue_b_to_ldsTrue_b_preshuffleFalse_c_to_ldsFalse_gfx950,0.0049,400.86,3278.54
gfx950,256,128,8704,4096,False,torch.bfloat16,torch.bfloat16,False,False,flydsl,4259,1,24.0271,flydsl_gemm4_abf16_wbf16_bf16_t64x64x64_split_k1_block_m_warp1_block_n_warp2_block_k_warp1_async_copyTrue_b_to_ldsTrue_b_preshuffleFalse_c_to_ldsFalse_gfx950,0.0,379.85,3103.99
gfx950,256,128,10240,4096,False,torch.bfloat16,torch.bfloat16,False,False,flydsl,4264,1,26.3285,flydsl_gemm4_abf16_wbf16_bf16_t64x64x64_split_k1_block_m_warp2_block_n_warp1_block_k_warp1_async_copyTrue_b_to_ldsTrue_b_preshuffleFalse_c_to_ldsFalse_gfx950,0.0,407.82,3325.53
gfx950,256,136,1,4096,False,torch.bfloat16,torch.bfloat16,False,False,torch,0,0,8.2802,native,0.0,0.13,135.57
gfx950,256,192,4096,512,False,torch.bfloat16,torch.bfloat16,False,False,flydsl,4152,1,5.0455,flydsl_gemm5_abf16_wbf16_bf16_t32x64x64_split_k1_block_m_warp1_block_n_warp2_block_k_warp1_async_copyTrue_b_to_ldsTrue_b_preshuffleFalse_c_to_ldsFalse_gfx950,0.0,159.61,1182.0
gfx950,256,192,4096,4096,False,torch.bfloat16,torch.bfloat16,False,False,torch,0,0,18.7636,native,0.0,343.35,1955.92
gfx950,256,192,4096,8192,False,torch.bfloat16,torch.bfloat16,False,False,torch,0,0,32.089,native,0.0,401.54,2238.38
gfx950,256,192,8192,4096,False,torch.bfloat16,torch.bfloat16,False,False,flydsl,4404,1,26.2318,flydsl_gemm4_abf16_wbf16_bf16_t96x64x128_split_k1_block_m_warp2_block_n_warp2_block_k_warp1_async_copyTrue_b_to_ldsTrue_b_preshuffleFalse_c_to_ldsFalse_gfx950,0.0,491.19,2738.18
gfx950,256,192,8704,4096,False,torch.bfloat16,torch.bfloat16,False,False,flydsl,4435,1,30.2384,flydsl_gemm4_abf16_wbf16_bf16_t96x64x64_split_k1_block_m_warp1_block_n_warp2_block_k_warp1_async_copyTrue_b_to_ldsTrue_b_preshuffleFalse_c_to_ldsFalse_gfx950,0.0,452.74,2520.58
gfx950,256,192,10240,4096,False,torch.bfloat16,torch.bfloat16,False,False,flydsl,2932,1,30.4599,flydsl_gemm3_abf16_wbf16_bf16_t64x128x128_split_k1_block_m_warp2_block_n_warp4_block_k_warp2_async_copyTrue_b_to_ldsTrue_b_preshuffleFalse_c_to_ldsFalse_gfx950,0.0048,528.76,2934.71
gfx950,256,256,4096,4096,False,torch.bfloat16,torch.bfloat16,False,False,flydsl,3156,1,19.4809,flydsl_gemm3_abf16_wbf16_bf16_t64x64x128_split_k1_block_m_warp2_block_n_warp2_block_k_warp2_async_copyTrue_b_to_ldsTrue_b_preshuffleFalse_c_to_ldsFalse_gfx950,0.0049,440.94,1937.73
gfx950,256,256,4096,8192,False,torch.bfloat16,torch.bfloat16,False,False,flydsl,4886,1,36.818,flydsl_gemm5_abf16_wbf16_bf16_t64x64x128_split_k1_block_m_warp2_block_n_warp1_block_k_warp4_async_copyTrue_b_to_ldsTrue_b_preshuffleFalse_c_to_ldsFalse_gfx950,0.014,466.62,1993.6
gfx950,256,256,8192,4096,False,torch.bfloat16,torch.bfloat16,False,False,flydsl,2249,1,29.3346,flydsl_gemm3_abf16_wbf16_bf16_t128x64x128_split_k1_block_m_warp4_block_n_warp2_block_k_warp2_async_copyTrue_b_to_ldsTrue_b_preshuffleFalse_c_to_ldsFalse_gfx950,0.0049,585.65,2502.18
gfx950,256,256,8704,4096,False,torch.bfloat16,torch.bfloat16,False,False,flydsl,2331,1,36.3919,flydsl_gemm3_abf16_wbf16_bf16_t128x64x64_split_k1_block_m_warp2_block_n_warp2_block_k_warp1_async_copyTrue_b_to_ldsTrue_b_preshuffleFalse_c_to_ldsFalse_gfx950,0.0,501.58,2139.4
gfx950,256,256,10240,4096,False,torch.bfloat16,torch.bfloat16,False,False,torch,0,0,34.369,native,0.0,624.83,2654.31
gfx950,256,384,4096,512,False,torch.bfloat16,torch.bfloat16,False,False,flydsl,3865,1,6.0054,flydsl_gemm4_abf16_wbf16_bf16_t96x64x64_split_k1_block_m_warp2_block_n_warp2_block_k_warp1_async_copyTrue_b_to_ldsTrue_b_preshuffleFalse_c_to_ldsFalse_gfx950,0.0,268.19,1287.72
gfx950,256,384,4096,4096,False,torch.bfloat16,torch.bfloat16,False,False,flydsl,4403,1,24.2638,flydsl_gemm4_abf16_wbf16_bf16_t96x64x128_split_k1_block_m_warp2_block_n_warp1_block_k_warp2_async_copyTrue_b_to_ldsTrue_b_preshuffleFalse_c_to_ldsFalse_gfx950,0.0049,531.03,1642.19
gfx950,256,384,4096,8192,False,torch.bfloat16,torch.bfloat16,False,False,flydsl,4400,1,46.4997,flydsl_gemm4_abf16_wbf16_bf16_t96x64x128_split_k1_block_m_warp1_block_n_warp2_block_k_warp2_async_copyTrue_b_to_ldsTrue_b_preshuffleFalse_c_to_ldsFalse_gfx950,0.0062,554.19,1646.16
gfx950,256,384,8192,4096,False,torch.bfloat16,torch.bfloat16,False,False,flydsl,4368,1,39.9965,flydsl_gemm4_abf16_wbf16_bf16_t96x128x64_split_k1_block_m_warp2_block_n_warp2_block_k_warp1_async_copyTrue_b_to_ldsTrue_b_preshuffleFalse_c_to_ldsFalse_gfx950,0.0,644.3,1913.82
gfx950,256,384,8704,4096,False,torch.bfloat16,torch.bfloat16,False,False,flydsl,3508,1,42.6318,flydsl_gemm4_abf16_wbf16_bf16_t128x128x64_split_k1_block_m_warp2_block_n_warp4_block_k_warp2_async_copyTrue_b_to_ldsTrue_b_preshuffleFalse_c_to_ldsFalse_gfx950,0.0049,642.25,1903.12
gfx950,256,384,10240,4096,False,torch.bfloat16,torch.bfloat16,False,False,flydsl,3508,1,43.1327,flydsl_gemm4_abf16_wbf16_bf16_t128x128x64_split_k1_block_m_warp2_block_n_warp4_block_k_warp2_async_copyTrue_b_to_ldsTrue_b_preshuffleFalse_c_to_ldsFalse_gfx950,0.0049,746.82,2200.1
gfx950,256,512,4096,512,False,torch.bfloat16,torch.bfloat16,False,False,flydsl,3095,1,7.2124,flydsl_gemm4_abf16_wbf16_bf16_t128x64x64_split_k1_block_m_warp4_block_n_warp2_block_k_warp1_async_copyTrue_b_to_ldsTrue_b_preshuffleFalse_c_to_ldsFalse_gfx950,0.0,297.75,1235.77
gfx950,256,512,4096,4096,False,torch.bfloat16,torch.bfloat16,False,False,flydsl,3600,1,28.3466,flydsl_gemm4_abf16_wbf16_bf16_t128x64x64_split_k1_block_m_warp4_block_n_warp2_block_k_warp1_async_copyTrue_b_to_ldsTrue_b_preshuffleFalse_c_to_ldsFalse_gfx950,0.0,606.06,1479.65
gfx950,256,512,4096,8192,False,torch.bfloat16,torch.bfloat16,False,False,triton,0,0,50.0109,auto,0.0,687.04,1593.49
gfx950,256,512,8192,4096,False,torch.bfloat16,torch.bfloat16,False,False,flydsl,3508,1,43.8229,flydsl_gemm4_abf16_wbf16_bf16_t128x128x64_split_k1_block_m_warp2_block_n_warp4_block_k_warp2_async_copyTrue_b_to_ldsTrue_b_preshuffleFalse_c_to_ldsFalse_gfx950,0.0049,784.06,1818.5
gfx950,256,512,8704,4096,False,torch.bfloat16,torch.bfloat16,False,False,torch,0,0,50.8741,native,0.0,717.6,1659.2
gfx950,256,512,10240,4096,False,torch.bfloat16,torch.bfloat16,False,False,torch,0,0,53.757,native,0.0,798.96,1833.55
gfx950,256,768,4096,512,False,torch.bfloat16,torch.bfloat16,False,False,flydsl,1636,1,8.6303,flydsl_gemm2_abf16_wbf16_bf16_t96x64x128_split_k1_block_m_warp2_block_n_warp2_block_k_warp1_async_copyTrue_b_to_ldsTrue_b_preshuffleFalse_c_to_ldsFalse_gfx950,0.0,373.25,1306.12
gfx950,256,768,4096,4096,False,torch.bfloat16,torch.bfloat16,False,False,flydsl,2090,1,37.4367,flydsl_gemm3_abf16_wbf16_bf16_t128x128x64_split_k1_block_m_warp4_block_n_warp4_block_k_warp1_async_copyTrue_b_to_ldsTrue_b_preshuffleFalse_c_to_ldsFalse_gfx950,0.0,688.36,1232.41
gfx950,256,768,4096,8192,False,torch.bfloat16,torch.bfloat16,False,False,flydsl,3508,1,73.1559,flydsl_gemm4_abf16_wbf16_bf16_t128x128x64_split_k1_block_m_warp2_block_n_warp4_block_k_warp2_async_copyTrue_b_to_ldsTrue_b_preshuffleFalse_c_to_ldsFalse_gfx950,0.0063,704.52,1175.34
gfx950,256,768,8192,4096,False,torch.bfloat16,torch.bfloat16,False,False,flydsl,2171,1,64.1459,flydsl_gemm3_abf16_wbf16_bf16_t128x256x64_split_k1_block_m_warp2_block_n_warp4_block_k_warp2_async_copyTrue_b_to_ldsTrue_b_preshuffleFalse_c_to_ldsFalse_gfx950,0.0049,803.47,1340.43
gfx950,256,768,8704,4096,False,torch.bfloat16,torch.bfloat16,False,False,flydsl,2488,1,67.4099,flydsl_gemm3_abf16_wbf16_bf16_t256x128x64_split_k1_block_m_warp4_block_n_warp4_block_k_warp1_async_copyTrue_b_to_ldsTrue_b_preshuffleFalse_c_to_ldsFalse_gfx950,0.0,812.36,1349.42
gfx950,256,768,10240,4096,False,torch.bfloat16,torch.bfloat16,False,False,flydsl,2487,1,70.7595,flydsl_gemm3_abf16_wbf16_bf16_t256x128x64_split_k1_block_m_warp4_block_n_warp2_block_k_warp2_async_copyTrue_b_to_ldsTrue_b_preshuffleFalse_c_to_ldsFalse_gfx950,0.0049,910.47,1496.71
gfx950,256,1024,4096,4096,False,torch.bfloat16,torch.bfloat16,False,False,flydsl,3508,1,42.8466,flydsl_gemm4_abf16_wbf16_bf16_t128x128x64_split_k1_block_m_warp2_block_n_warp4_block_k_warp2_async_copyTrue_b_to_ldsTrue_b_preshuffleFalse_c_to_ldsFalse_gfx950,0.0049,801.92,1174.69
gfx950,256,1024,4096,8192,False,torch.bfloat16,torch.bfloat16,False,False,flydsl,3508,1,80.4182,flydsl_gemm4_abf16_wbf16_bf16_t128x128x64_split_k1_block_m_warp2_block_n_warp4_block_k_warp2_async_copyTrue_b_to_ldsTrue_b_preshuffleFalse_c_to_ldsFalse_gfx950,0.0063,854.53,1147.44
gfx950,256,1024,8192,4096,False,torch.bfloat16,torch.bfloat16,False,False,flydsl,2175,1,72.4367,flydsl_gemm3_abf16_wbf16_bf16_t128x256x64_split_k1_block_m_warp4_block_n_warp2_block_k_warp2_async_copyTrue_b_to_ldsTrue_b_preshuffleFalse_c_to_ldsFalse_gfx950,0.0049,948.68,1273.87
gfx950,256,1024,8704,4096,False,torch.bfloat16,torch.bfloat16,False,False,torch,0,0,76.7552,native,0.0,951.26,1270.5
gfx950,256,1024,10240,4096,False,torch.bfloat16,torch.bfloat16,False,False,torch,0,0,82.1786,native,0.0,1045.28,1378.05
gfx950,256,1821,1,4096,False,torch.bfloat16,torch.bfloat16,False,False,torch,0,0,10.9196,native,0.0,1.37,1367.22
gfx950,256,1827,1,4096,False,torch.bfloat16,torch.bfloat16,False,False,torch,0,0,11.4288,native,0.0,1.31,1310.6
gfx950,256,2048,4096,512,False,torch.bfloat16,torch.bfloat16,False,False,flydsl,81,1,13.0062,flydsl_gemm2_abf16_wbf16_bf16_t128x128x64_split_k1_block_m_warp2_block_n_warp2_block_k_warp1_async_copyTrue_b_to_ldsTrue_b_preshuffleFalse_c_to_ldsFalse_gfx950,0.0,660.45,1773.67
gfx950,256,2048,4096,4096,False,torch.bfloat16,torch.bfloat16,False,False,opus,6401,0,70.5756,opus_gemm_mono_tile_512x128x256x64_2x4_16x16x32_0x0x0_nooob_4g_safe,0.0,973.7,950.88
gfx950,256,2048,4096,8192,False,torch.bfloat16,torch.bfloat16,False,False,opus,6401,0,128.3684,opus_gemm_mono_tile_512x128x256x64_2x4_16x16x32_0x0x0_nooob_4g_safe,0.0,1070.66,914.87
gfx950,256,2048,8192,4096,False,torch.bfloat16,torch.bfloat16,False,False,asm,10,1,105.0997,_ZN5aiter24bf16gemm_bf16_tn_256x256E,0.0,1307.7,1117.42
gfx950,256,2048,8704,4096,False,torch.bfloat16,torch.bfloat16,False,False,asm,10,1,159.7258,_ZN5aiter24bf16gemm_bf16_tn_256x256E,0.0,914.25,774.65
gfx950,256,2048,10240,4096,False,torch.bfloat16,torch.bfloat16,False,False,torch,0,0,154.041,native,0.0,1115.28,925.77
gfx950,256,2541,1,4096,False,torch.bfloat16,torch.bfloat16,False,False,torch,0,0,11.2644,native,0.0,1.85,1849.11
gfx950,256,2541,512,4096,False,torch.bfloat16,torch.bfloat16,False,False,torch,0,0,23.0016,native,0.0,463.35,1200.45
gfx950,256,2541,1024,4096,False,torch.bfloat16,torch.bfloat16,False,False,flydsl,1802,1,37.9321,flydsl_gemm2_abf16_wbf16_bf16_t80x64x128_split_k1_block_m_warp1_block_n_warp2_block_k_warp1_async_copyTrue_b_to_ldsTrue_b_preshuffleFalse_c_to_ldsFalse_gfx950,0.0,561.94,907.11
gfx950,256,2541,4096,4096,False,torch.bfloat16,torch.bfloat16,False,False,torch,0,0,81.5753,native,0.0,1045.19,921.68
gfx950,256,2541,8704,4096,False,torch.bfloat16,torch.bfloat16,False,False,asm,10,1,170.7925,_ZN5aiter24bf16gemm_bf16_tn_256x256E,0.0,1060.83,798.35
gfx950,256,2541,10240,4096,False,torch.bfloat16,torch.bfloat16,False,False,asm,10,1,182.9274,_ZN5aiter24bf16gemm_bf16_tn_256x256E,0.0,1165.24,856.85
gfx950,256,2712,1,4096,False,torch.bfloat16,torch.bfloat16,False,False,torch,0,0,11.8212,native,0.0,1.88,1880.55
gfx950,256,2712,64,4096,False,torch.bfloat16,torch.bfloat16,False,False,flydsl,1790,4,11.9101,flydsl_gemm4_abf16_wbf16_bf16_t64x64x128_split_k4_block_m_warp2_block_n_warp2_block_k_warp2_async_copyTrue_b_to_ldsTrue_b_preshuffleFalse_c_to_ldsFalse_gfx950,0.0194,119.38,1938.53
gfx950,256,2712,512,4096,False,torch.bfloat16,torch.bfloat16,False,False,flydsl,2932,1,27.2553,flydsl_gemm3_abf16_wbf16_bf16_t64x128x128_split_k1_block_m_warp2_block_n_warp4_block_k_warp2_async_copyTrue_b_to_ldsTrue_b_preshuffleFalse_c_to_ldsFalse_gfx950,0.0049,417.35,1070.91
gfx950,256,2712,1024,4096,False,torch.bfloat16,torch.bfloat16,False,False,flydsl,4367,1,35.9575,flydsl_gemm4_abf16_wbf16_bf16_t96x128x64_split_k1_block_m_warp2_block_n_warp1_block_k_warp2_async_copyTrue_b_to_ldsTrue_b_preshuffleFalse_c_to_ldsFalse_gfx950,0.0049,632.69,1005.62
gfx950,256,2712,4096,4096,False,torch.bfloat16,torch.bfloat16,False,False,torch,0,0,92.1445,native,0.0,987.58,846.36
gfx950,256,2712,8704,4096,False,torch.bfloat16,torch.bfloat16,False,False,asm,10,1,178.1102,_ZN5aiter24bf16gemm_bf16_tn_256x256E,0.0,1085.7,790.13
gfx950,256,2712,10240,4096,False,torch.bfloat16,torch.bfloat16,False,False,asm,10,1,193.8359,_ZN5aiter24bf16gemm_bf16_tn_256x256E,0.0,1173.67,833.92
gfx950,256,3979,1,4096,False,torch.bfloat16,torch.bfloat16,False,False,torch,0,0,12.5293,native,0.0,2.6,2602.87
gfx950,256,3979,64,4096,False,torch.bfloat16,torch.bfloat16,False,False,flydsl,2829,1,13.4411,flydsl_gemm8_abf16_wbf16_bf16_t16x64x128_split_k1_block_m_warp1_block_n_warp1_block_k_warp2_async_copyTrue_b_to_ldsTrue_b_preshuffleFalse_c_to_ldsFalse_gfx950,0.0047,155.21,2502.0
gfx950,256,3979,512,4096,False,torch.bfloat16,torch.bfloat16,False,False,flydsl,2923,1,29.9687,flydsl_gemm3_abf16_wbf16_bf16_t64x128x128_split_k1_block_m_warp1_block_n_warp4_block_k_warp2_async_copyTrue_b_to_ldsTrue_b_preshuffleFalse_c_to_ldsFalse_gfx950,0.0048,556.89,1363.58
gfx950,256,3979,1024,4096,False,torch.bfloat16,torch.bfloat16,False,False,flydsl,2084,1,46.5186,flydsl_gemm3_abf16_wbf16_bf16_t128x128x64_split_k1_block_m_warp2_block_n_warp4_block_k_warp2_async_copyTrue_b_to_ldsTrue_b_preshuffleFalse_c_to_ldsFalse_gfx950,0.0049,717.53,1056.21
gfx950,256,3979,4096,4096,False,torch.bfloat16,torch.bfloat16,False,False,torch,0,0,105.4744,native,0.0,1265.83,936.21
gfx950,256,3979,8704,4096,False,torch.bfloat16,torch.bfloat16,False,False,asm,10,1,249.1856,_ZN5aiter24bf16gemm_bf16_tn_256x256E,0.0,1138.57,694.93
gfx950,256,3979,10240,4096,False,torch.bfloat16,torch.bfloat16,False,False,asm,10,1,274.2974,_ZN5aiter24bf16gemm_bf16_tn_256x256E,0.0,1216.86,721.74
gfx950,256,4090,1,4096,False,torch.bfloat16,torch.bfloat16,False,False,torch,0,0,12.498,native,0.0,2.68,2682.16
gfx950,256,4090,64,4096,False,torch.bfloat16,torch.bfloat16,False,False,asm,8,5,13.9623,_ZN5aiter39bf16gemm_fp32bf16_tn_96x64_splitk_cleanE,0.014,153.58,2474.74
gfx950,256,4090,512,4096,False,torch.bfloat16,torch.bfloat16,False,False,flydsl,2923,1,29.9497,flydsl_gemm3_abf16_wbf16_bf16_t64x128x128_split_k1_block_m_warp1_block_n_warp4_block_k_warp2_async_copyTrue_b_to_ldsTrue_b_preshuffleFalse_c_to_ldsFalse_gfx950,0.0048,572.78,1398.6
gfx950,256,4090,1024,4096,False,torch.bfloat16,torch.bfloat16,False,False,flydsl,3513,1,48.327,flydsl_gemm4_abf16_wbf16_bf16_t128x128x64_split_k1_block_m_warp4_block_n_warp2_block_k_warp2_async_copyTrue_b_to_ldsTrue_b_preshuffleFalse_c_to_ldsFalse_gfx950,0.0049,709.94,1040.21
gfx950,256,4090,4096,4096,False,torch.bfloat16,torch.bfloat16,False,False,torch,0,0,108.4236,native,0.0,1265.75,927.52
gfx950,256,4090,8704,4096,False,torch.bfloat16,torch.bfloat16,False,False,asm,10,1,247.5216,_ZN5aiter24bf16gemm_bf16_tn_256x256E,0.0,1178.2,711.08
gfx950,256,4090,10240,4096,False,torch.bfloat16,torch.bfloat16,False,False,asm,10,1,276.5008,_ZN5aiter24bf16gemm_bf16_tn_256x256E,0.0,1240.84,727.5
gfx950,256,4096,4096,4096,False,torch.bfloat16,torch.bfloat16,False,False,asm,10,1,109.6244,_ZN5aiter24bf16gemm_bf16_tn_256x256E,0.0,1253.73,918.26
gfx950,256,4096,4096,8192,False,torch.bfloat16,torch.bfloat16,False,False,torch,0,0,188.43,native,0.0,1458.78,890.37
gfx950,256,4096,8192,4096,False,torch.bfloat16,torch.bfloat16,False,False,asm,10,1,193.5792,_ZN5aiter24bf16gemm_bf16_tn_256x256E,0.0,1419.98,866.68
gfx950,256,4096,8704,4096,False,torch.bfloat16,torch.bfloat16,False,False,asm,10,1,249.7709,_ZN5aiter24bf16gemm_bf16_tn_256x256E,0.0,1169.3,705.29
gfx950,256,4096,10240,4096,False,torch.bfloat16,torch.bfloat16,False,False,asm,10,1,264.5707,_ZN5aiter24bf16gemm_bf16_tn_256x256E,0.0,1298.7,760.96
gfx950,256,4445,1,4096,False,torch.bfloat16,torch.bfloat16,False,False,torch,0,0,12.9817,native,0.0,2.8,2806.3
gfx950,256,4445,64,4096,False,torch.bfloat16,torch.bfloat16,False,False,asm,8,5,14.1459,_ZN5aiter39bf16gemm_fp32bf16_tn_96x64_splitk_cleanE,0.0139,164.74,2651.42
gfx950,256,4445,512,4096,False,torch.bfloat16,torch.bfloat16,False,False,torch,0,0,36.4985,native,0.0,510.81,1237.3
gfx950,256,4445,1024,4096,False,torch.bfloat16,torch.bfloat16,False,False,torch,0,0,51.4027,native,0.0,725.4,1048.69
gfx950,256,4445,4096,512,False,torch.bfloat16,torch.bfloat16,False,False,torch,0,0,32.4436,native,0.0,574.65,1391.94
gfx950,256,4445,4096,4096,False,torch.bfloat16,torch.bfloat16,False,False,torch,0,0,155.3508,native,0.0,960.08,684.78
gfx950,256,4445,8704,4096,False,torch.bfloat16,torch.bfloat16,False,False,asm,10,1,263.1813,_ZN5aiter24bf16gemm_bf16_tn_256x256E,0.0,1204.27,703.3
gfx950,256,4445,10240,4096,False,torch.bfloat16,torch.bfloat16,False,False,asm,10,1,291.1604,_ZN5aiter24bf16gemm_bf16_tn_256x256E,0.0,1280.65,725.83
gfx950,256,7128,1,4096,False,torch.bfloat16,torch.bfloat16,False,False,torch,0,0,15.4734,native,0.0,3.77,3775.19
gfx950,256,7128,64,4096,False,torch.bfloat16,torch.bfloat16,False,False,flydsl,2109,1,17.8425,flydsl_gemm5_abf16_wbf16_bf16_t32x64x64_split_k1_block_m_warp1_block_n_warp4_block_k_warp1_async_copyTrue_b_to_ldsTrue_b_preshuffleFalse_c_to_ldsFalse_gfx950,0.0,209.45,3353.19
gfx950,256,7128,512,4096,False,torch.bfloat16,torch.bfloat16,False,False,flydsl,4133,1,48.7953,flydsl_gemm4_abf16_wbf16_bf16_t64x256x64_split_k1_block_m_warp2_block_n_warp4_block_k_warp1_async_copyTrue_b_to_ldsTrue_b_preshuffleFalse_c_to_ldsFalse_gfx950,0.0,612.7,1432.23
gfx950,256,7128,1024,4096,False,torch.bfloat16,torch.bfloat16,False,False,flydsl,2171,1,70.8552,flydsl_gemm3_abf16_wbf16_bf16_t128x256x64_split_k1_block_m_warp2_block_n_warp4_block_k_warp2_async_copyTrue_b_to_ldsTrue_b_preshuffleFalse_c_to_ldsFalse_gfx950,0.0049,843.89,1148.53
gfx950,256,7128,4096,512,False,torch.bfloat16,torch.bfloat16,False,False,torch,0,0,40.957,native,0.0,729.96,1706.32
gfx950,256,7128,4096,4096,False,torch.bfloat16,torch.bfloat16,False,False,asm,10,1,196.1468,_ZN5aiter24bf16gemm_bf16_tn_256x256E,0.0,1219.37,766.46
gfx950,256,7128,8704,4096,False,torch.bfloat16,torch.bfloat16,False,False,asm,10,1,376.7365,_ZN5aiter24bf16gemm_bf16_tn_256x256E,0.0,1349.08,673.63
gfx950,256,7128,10240,4096,False,torch.bfloat16,torch.bfloat16,False,False,asm,10,1,453.2702,_ZN5aiter24bf16gemm_bf16_tn_256x256E,0.0,1319.17,635.96
gfx950,256,7772,1,4096,False,torch.bfloat16,torch.bfloat16,False,False,torch,0,0,16.3486,native,0.0,3.89,3895.87
gfx950,256,7772,64,4096,False,torch.bfloat16,torch.bfloat16,False,False,flydsl,2484,1,18.4527,flydsl_gemm6_abf16_wbf16_bf16_t32x64x64_split_k1_block_m_warp2_block_n_warp2_block_k_warp1_async_copyTrue_b_to_ldsTrue_b_preshuffleFalse_c_to_ldsFalse_gfx950,0.0,220.82,3532.67
gfx950,256,7772,512,4096,False,torch.bfloat16,torch.bfloat16,False,False,flydsl,4133,1,50.2443,flydsl_gemm4_abf16_wbf16_bf16_t64x256x64_split_k1_block_m_warp2_block_n_warp4_block_k_warp1_async_copyTrue_b_to_ldsTrue_b_preshuffleFalse_c_to_ldsFalse_gfx950,0.0,648.79,1509.05
gfx950,256,7772,1024,4096,False,torch.bfloat16,torch.bfloat16,False,False,flydsl,2171,1,75.168,flydsl_gemm3_abf16_wbf16_bf16_t128x256x64_split_k1_block_m_warp2_block_n_warp4_block_k_warp2_async_copyTrue_b_to_ldsTrue_b_preshuffleFalse_c_to_ldsFalse_gfx950,0.0048,867.34,1170.36
gfx950,256,7772,4096,512,False,torch.bfloat16,torch.bfloat16,False,False,asm,10,1,41.5506,_ZN5aiter24bf16gemm_bf16_tn_256x256E,0.0,784.54,1824.79
gfx950,256,7772,4096,4096,False,torch.bfloat16,torch.bfloat16,False,False,torch,0,0,194.9621,native,0.0,1337.62,825.24
gfx950,256,7772,8704,4096,False,torch.bfloat16,torch.bfloat16,False,False,asm,10,1,435.9864,_ZN5aiter24bf16gemm_bf16_tn_256x256E,0.0,1271.07,619.9
gfx950,256,7772,10240,4096,False,torch.bfloat16,torch.bfloat16,False,False,asm,10,1,471.2161,_ZN5aiter24bf16gemm_bf16_tn_256x256E,0.0,1383.57,650.92
gfx950,256,8192,1,4096,False,torch.bfloat16,torch.bfloat16,False,False,torch,0,0,16.0867,native,0.0,4.17,4173.23
gfx950,256,8192,1024,4096,False,torch.bfloat16,torch.bfloat16,False,False,opus,1401,0,67.3899,opus_gemm_mono_tile_512x128x256x64_2x4_16x16x32_0x0x0_nooob,0.0,1019.73,1369.27
gfx950,256,8192,4096,512,False,torch.bfloat16,torch.bfloat16,False,False,torch,0,0,42.699,native,0.0,804.7,1866.36
gfx950,256,8192,4096,4096,False,torch.bfloat16,torch.bfloat16,False,False,asm,10,1,196.0327,_ZN5aiter24bf16gemm_bf16_tn_256x256E,0.0,1402.2,855.84
gfx950,256,8192,4096,8192,False,torch.bfloat16,torch.bfloat16,False,False,torch,0,0,363.3926,native,0.0,1512.84,738.69
gfx950,256,8192,8192,4096,False,torch.bfloat16,torch.bfloat16,False,False,torch,0,0,373.5705,native,0.0,1471.63,718.57
gfx950,256,8192,8704,4096,False,torch.bfloat16,torch.bfloat16,False,False,asm,10,1,438.6263,_ZN5aiter24bf16gemm_bf16_tn_256x256E,0.0,1331.69,640.68
gfx950,256,8192,10240,4096,False,torch.bfloat16,torch.bfloat16,False,False,torch,0,0,464.3005,native,0.0,1480.06,686.55
gfx950,256,120,4096,512,False,torch.bfloat16,torch.bfloat16,False,False,flydsl,4264,1,4.4098,flydsl_gemm6_abf16_wbf16_bf16_t32x64x64_split_k1_block_m_warp2_block_n_warp2_block_k_warp1_async_copyTrue_b_to_ldsTrue_b_preshuffleFalse_c_to_ldsFalse_gfx950,0.0,114.14,1201.92
gfx950,256,120,8704,4096,False,torch.bfloat16,torch.bfloat16,False,False,flydsl,3827,1,24.8609,flydsl_gemm4_abf16_wbf16_bf16_t64x64x64_split_k1_block_m_warp1_block_n_warp2_block_k_warp1_async_copyTrue_b_to_ldsTrue_b_preshuffleFalse_c_to_ldsFalse_gfx950,0.0,344.17,2991.65
gfx950,256,120,10240,4096,False,torch.bfloat16,torch.bfloat16,False,False,flydsl,3827,1,26.9301,flydsl_gemm4_abf16_wbf16_bf16_t64x64x64_split_k1_block_m_warp1_block_n_warp2_block_k_warp1_async_copyTrue_b_to_ldsTrue_b_preshuffleFalse_c_to_ldsFalse_gfx950,0.0,373.79,3242.72
gfx950,256,144,1,4096,False,torch.bfloat16,torch.bfloat16,False,False,torch,0,0,8.3021,native,0.0,0.14,143.11
gfx950,256,136,8704,4096,False,torch.bfloat16,torch.bfloat16,False,False,flydsl,2923,1,27.9853,flydsl_gemm3_abf16_wbf16_bf16_t64x128x128_split_k1_block_m_warp1_block_n_warp4_block_k_warp2_async_copyTrue_b_to_ldsTrue_b_preshuffleFalse_c_to_ldsFalse_gfx950,0.0049,346.51,2672.29
gfx950,256,136,10240,4096,False,torch.bfloat16,torch.bfloat16,False,False,flydsl,2932,1,26.9506,flydsl_gemm3_abf16_wbf16_bf16_t64x128x128_split_k1_block_m_warp2_block_n_warp4_block_k_warp2_async_copyTrue_b_to_ldsTrue_b_preshuffleFalse_c_to_ldsFalse_gfx950,0.0048,423.31,3257.27
gfx950,256,152,1,4096,False,torch.bfloat16,torch.bfloat16,False,False,torch,0,0,7.7457,native,0.0,0.16,161.85
gfx950,256,144,8704,4096,False,torch.bfloat16,torch.bfloat16,False,False,flydsl,2932,1,28.2691,flydsl_gemm3_abf16_wbf16_bf16_t64x128x128_split_k1_block_m_warp2_block_n_warp4_block_k_warp2_async_copyTrue_b_to_ldsTrue_b_preshuffleFalse_c_to_ldsFalse_gfx950,0.0049,363.21,2652.7
gfx950,256,144,10240,4096,False,torch.bfloat16,torch.bfloat16,False,False,flydsl,4065,1,28.3213,flydsl_gemm4_abf16_wbf16_bf16_t64x128x64_split_k1_block_m_warp2_block_n_warp4_block_k_warp1_async_copyTrue_b_to_ldsTrue_b_preshuffleFalse_c_to_ldsFalse_gfx950,0.0,426.52,3107.73
gfx950,256,152,64,4096,False,torch.bfloat16,torch.bfloat16,False,False,flydsl,2439,8,4.3695,flydsl_gemm6_abf16_wbf16_bf16_t16x64x64_split_k8_block_m_warp1_block_n_warp2_block_k_warp1_async_copyTrue_b_to_ldsTrue_b_preshuffleFalse_c_to_ldsFalse_gfx950,0.0188,18.24,409.41
gfx950,256,152,8704,4096,False,torch.bfloat16,torch.bfloat16,False,False,flydsl,4065,1,28.7493,flydsl_gemm4_abf16_wbf16_bf16_t64x128x64_split_k1_block_m_warp2_block_n_warp4_block_k_warp1_async_copyTrue_b_to_ldsTrue_b_preshuffleFalse_c_to_ldsFalse_gfx950,0.0,376.99,2615.52
gfx950,256,160,1,4096,False,torch.bfloat16,torch.bfloat16,False,False,torch,0,0,8.3146,native,0.0,0.16,158.66
gfx950,256,152,10240,4096,False,torch.bfloat16,torch.bfloat16,False,False,flydsl,2932,1,28.1208,flydsl_gemm3_abf16_wbf16_bf16_t64x128x128_split_k1_block_m_warp2_block_n_warp4_block_k_warp2_async_copyTrue_b_to_ldsTrue_b_preshuffleFalse_c_to_ldsFalse_gfx950,0.0048,453.43,3138.04
gfx950,256,160,64,4096,False,torch.bfloat16,torch.bfloat16,False,False,flydsl,2439,8,4.469,flydsl_gemm6_abf16_wbf16_bf16_t16x64x64_split_k8_block_m_warp1_block_n_warp2_block_k_warp1_async_copyTrue_b_to_ldsTrue_b_preshuffleFalse_c_to_ldsFalse_gfx950,0.0186,18.77,415.19
gfx950,256,160,8704,4096,False,torch.bfloat16,torch.bfloat16,False,False,flydsl,2931,1,29.3596,flydsl_gemm3_abf16_wbf16_bf16_t64x128x128_split_k1_block_m_warp2_block_n_warp4_block_k_warp1_async_copyTrue_b_to_ldsTrue_b_preshuffleFalse_c_to_ldsFalse_gfx950,0.0,388.58,2568.13
gfx950,256,168,1,4096,False,torch.bfloat16,torch.bfloat16,False,False,torch,0,0,8.2763,native,0.0,0.17,167.32
gfx950,256,160,10240,4096,False,torch.bfloat16,torch.bfloat16,False,False,flydsl,2937,1,29.257,flydsl_gemm3_abf16_wbf16_bf16_t64x128x128_split_k1_block_m_warp4_block_n_warp2_block_k_warp2_async_copyTrue_b_to_ldsTrue_b_preshuffleFalse_c_to_ldsFalse_gfx950,0.0048,458.75,3024.01
gfx950,256,168,64,4096,False,torch.bfloat16,torch.bfloat16,False,False,flydsl,2439,8,5.0103,flydsl_gemm6_abf16_wbf16_bf16_t16x64x64_split_k8_block_m_warp1_block_n_warp2_block_k_warp1_async_copyTrue_b_to_ldsTrue_b_preshuffleFalse_c_to_ldsFalse_gfx950,0.0188,17.58,383.62
gfx950,256,168,8704,4096,False,torch.bfloat16,torch.bfloat16,False,False,flydsl,4065,1,29.9329,flydsl_gemm4_abf16_wbf16_bf16_t64x128x64_split_k1_block_m_warp2_block_n_warp4_block_k_warp1_async_copyTrue_b_to_ldsTrue_b_preshuffleFalse_c_to_ldsFalse_gfx950,0.0,400.19,2525.78
gfx950,256,176,1,4096,False,torch.bfloat16,torch.bfloat16,False,False,torch,0,0,7.6446,native,0.0,0.19,189.72
gfx950,256,168,10240,4096,False,torch.bfloat16,torch.bfloat16,False,False,flydsl,2932,1,29.4857,flydsl_gemm3_abf16_wbf16_bf16_t64x128x128_split_k1_block_m_warp2_block_n_warp4_block_k_warp2_async_copyTrue_b_to_ldsTrue_b_preshuffleFalse_c_to_ldsFalse_gfx950,0.0048,477.96,3008.34
gfx950,256,176,64,4096,False,torch.bfloat16,torch.bfloat16,False,False,flydsl,2439,8,4.5148,flydsl_gemm6_abf16_wbf16_bf16_t16x64x64_split_k8_block_m_warp1_block_n_warp2_block_k_warp1_async_copyTrue_b_to_ldsTrue_b_preshuffleFalse_c_to_ldsFalse_gfx950,0.0186,20.44,440.46
gfx950,256,176,8704,4096,False,torch.bfloat16,torch.bfloat16,False,False,flydsl,2932,1,29.844,flydsl_gemm3_abf16_wbf16_bf16_t64x128x128_split_k1_block_m_warp2_block_n_warp4_block_k_warp2_async_copyTrue_b_to_ldsTrue_b_preshuffleFalse_c_to_ldsFalse_gfx950,0.0049,420.5,2540.17
gfx950,256,184,1,4096,False,torch.bfloat16,torch.bfloat16,False,False,torch,0,0,7.7635,native,0.0,0.19,195.26
gfx950,256,176,4096,4096,False,torch.bfloat16,torch.bfloat16,False,False,flydsl,4888,1,18.515,flydsl_gemm5_abf16_wbf16_bf16_t64x64x128_split_k1_block_m_warp2_block_n_warp2_block_k_warp2_async_copyTrue_b_to_ldsTrue_b_preshuffleFalse_c_to_ldsFalse_gfx950,0.0049,318.96,1968.03
gfx950,256,176,10240,4096,False,torch.bfloat16,torch.bfloat16,False,False,flydsl,2932,1,29.7104,flydsl_gemm3_abf16_wbf16_bf16_t64x128x128_split_k1_block_m_warp2_block_n_warp4_block_k_warp2_async_copyTrue_b_to_ldsTrue_b_preshuffleFalse_c_to_ldsFalse_gfx950,0.0048,496.93,2993.31
gfx950,256,184,64,4096,False,torch.bfloat16,torch.bfloat16,False,False,flydsl,2139,8,4.5243,flydsl_gemm5_abf16_wbf16_bf16_t32x64x64_split_k8_block_m_warp2_block_n_warp2_block_k_warp1_async_copyTrue_b_to_ldsTrue_b_preshuffleFalse_c_to_ldsFalse_gfx950,0.0205,21.32,454.25
gfx950,256,184,8704,4096,False,torch.bfloat16,torch.bfloat16,False,False,flydsl,2923,1,30.4372,flydsl_gemm3_abf16_wbf16_bf16_t64x128x128_split_k1_block_m_warp1_block_n_warp4_block_k_warp2_async_copyTrue_b_to_ldsTrue_b_preshuffleFalse_c_to_ldsFalse_gfx950,0.0049,431.04,2497.39
gfx950,256,184,4096,4096,False,torch.bfloat16,torch.bfloat16,False,False,torch,0,0,19.0143,native,0.0,324.7,1923.24
gfx950,256,192,1,4096,False,torch.bfloat16,torch.bfloat16,False,False,torch,0,0,7.5841,native,0.0,0.21,208.52
gfx950,256,184,10240,4096,False,torch.bfloat16,torch.bfloat16,False,False,flydsl,2932,1,30.4126,flydsl_gemm3_abf16_wbf16_bf16_t64x128x128_split_k1_block_m_warp2_block_n_warp4_block_k_warp2_async_copyTrue_b_to_ldsTrue_b_preshuffleFalse_c_to_ldsFalse_gfx950,0.0048,507.52,2931.74
gfx950,256,200,1,4096,False,torch.bfloat16,torch.bfloat16,False,False,torch,0,0,7.7627,native,0.0,0.21,212.17
gfx950,256,192,64,4096,False,torch.bfloat16,torch.bfloat16,False,False,flydsl,2508,8,4.7222,flydsl_gemm6_abf16_wbf16_bf16_t32x64x64_split_k8_block_m_warp1_block_n_warp4_block_k_warp1_async_copyTrue_b_to_ldsTrue_b_preshuffleFalse_c_to_ldsFalse_gfx950,0.0198,21.32,449.31
gfx950,256,200,64,4096,False,torch.bfloat16,torch.bfloat16,False,False,flydsl,2508,8,4.7039,flydsl_gemm6_abf16_wbf16_bf16_t32x64x64_split_k8_block_m_warp1_block_n_warp4_block_k_warp1_async_copyTrue_b_to_ldsTrue_b_preshuffleFalse_c_to_ldsFalse_gfx950,0.0196,22.29,465.21
gfx950,256,200,8704,4096,False,torch.bfloat16,torch.bfloat16,False,False,flydsl,4435,1,35.3276,flydsl_gemm4_abf16_wbf16_bf16_t96x64x64_split_k1_block_m_warp1_block_n_warp2_block_k_warp1_async_copyTrue_b_to_ldsTrue_b_preshuffleFalse_c_to_ldsFalse_gfx950,0.0,403.67,2163.27
gfx950,256,208,1,4096,False,torch.bfloat16,torch.bfloat16,False,False,torch,0,0,7.6999,native,0.0,0.22,222.41
gfx950,256,200,4096,4096,False,torch.bfloat16,torch.bfloat16,False,False,flydsl,4204,1,18.3345,flydsl_gemm4_abf16_wbf16_bf16_t64x64x128_split_k1_block_m_warp4_block_n_warp2_block_k_warp1_async_copyTrue_b_to_ldsTrue_b_preshuffleFalse_c_to_ldsFalse_gfx950,0.0,366.03,2008.85
gfx950,256,200,10240,4096,False,torch.bfloat16,torch.bfloat16,False,False,flydsl,4365,1,37.0125,flydsl_gemm4_abf16_wbf16_bf16_t96x128x64_split_k1_block_m_warp1_block_n_warp4_block_k_warp1_async_copyTrue_b_to_ldsTrue_b_preshuffleFalse_c_to_ldsFalse_gfx950,0.0,453.29,2421.36
gfx950,256,208,64,4096,False,torch.bfloat16,torch.bfloat16,False,False,flydsl,2508,8,4.7271,flydsl_gemm6_abf16_wbf16_bf16_t32x64x64_split_k8_block_m_warp1_block_n_warp4_block_k_warp1_async_copyTrue_b_to_ldsTrue_b_preshuffleFalse_c_to_ldsFalse_gfx950,0.0185,23.07,477.0
gfx950,256,208,8704,4096,False,torch.bfloat16,torch.bfloat16,False,False,flydsl,4367,1,35.9158,flydsl_gemm4_abf16_wbf16_bf16_t96x128x64_split_k1_block_m_warp2_block_n_warp1_block_k_warp2_async_copyTrue_b_to_ldsTrue_b_preshuffleFalse_c_to_ldsFalse_gfx950,0.0049,412.94,2133.54
gfx950,256,208,4096,4096,False,torch.bfloat16,torch.bfloat16,False,False,flydsl,4888,1,17.8528,flydsl_gemm5_abf16_wbf16_bf16_t64x64x128_split_k1_block_m_warp2_block_n_warp2_block_k_warp2_async_copyTrue_b_to_ldsTrue_b_preshuffleFalse_c_to_ldsFalse_gfx950,0.0049,390.94,2070.39
gfx950,256,216,1,4096,False,torch.bfloat16,torch.bfloat16,False,False,torch,0,0,7.6371,native,0.0,0.23,232.82
gfx950,256,208,10240,4096,False,torch.bfloat16,torch.bfloat16,False,False,flydsl,3508,1,37.7892,flydsl_gemm4_abf16_wbf16_bf16_t128x128x64_split_k1_block_m_warp2_block_n_warp4_block_k_warp2_async_copyTrue_b_to_ldsTrue_b_preshuffleFalse_c_to_ldsFalse_gfx950,0.0049,461.73,2377.66
gfx950,256,216,64,4096,False,torch.bfloat16,torch.bfloat16,False,False,flydsl,2508,8,4.7264,flydsl_gemm6_abf16_wbf16_bf16_t32x64x64_split_k8_block_m_warp1_block_n_warp4_block_k_warp1_async_copyTrue_b_to_ldsTrue_b_preshuffleFalse_c_to_ldsFalse_gfx950,0.0192,23.96,491.16
gfx950,256,216,4096,4096,False,torch.bfloat16,torch.bfloat16,False,False,flydsl,3157,1,18.337,flydsl_gemm3_abf16_wbf16_bf16_t64x64x128_split_k1_block_m_warp2_block_n_warp4_block_k_warp1_async_copyTrue_b_to_ldsTrue_b_preshuffleFalse_c_to_ldsFalse_gfx950,0.0,395.25,2022.87
gfx950,256,216,8704,4096,False,torch.bfloat16,torch.bfloat16,False,False,flydsl,3282,1,36.0575,flydsl_gemm3_abf16_wbf16_bf16_t80x128x128_split_k1_block_m_warp1_block_n_warp1_block_k_warp4_async_copyTrue_b_to_ldsTrue_b_preshuffleFalse_c_to_ldsFalse_gfx950,0.0116,427.14,2130.84
gfx950,256,224,1,4096,False,torch.bfloat16,torch.bfloat16,False,False,torch,0,0,7.8044,native,0.0,0.24,236.23
gfx950,256,216,10240,4096,False,torch.bfloat16,torch.bfloat16,False,False,flydsl,2326,1,36.8036,flydsl_gemm3_abf16_wbf16_bf16_t128x64x64_split_k1_block_m_warp1_block_n_warp4_block_k_warp1_async_copyTrue_b_to_ldsTrue_b_preshuffleFalse_c_to_ldsFalse_gfx950,0.0,492.33,2447.57
gfx950,256,224,64,4096,False,torch.bfloat16,torch.bfloat16,False,False,flydsl,2439,8,5.105,flydsl_gemm6_abf16_wbf16_bf16_t16x64x64_split_k8_block_m_warp1_block_n_warp2_block_k_warp1_async_copyTrue_b_to_ldsTrue_b_preshuffleFalse_c_to_ldsFalse_gfx950,0.0186,23.0,467.77
gfx950,256,224,8704,4096,False,torch.bfloat16,torch.bfloat16,False,False,flydsl,1802,1,36.5095,flydsl_gemm2_abf16_wbf16_bf16_t80x64x128_split_k1_block_m_warp1_block_n_warp2_block_k_warp1_async_copyTrue_b_to_ldsTrue_b_preshuffleFalse_c_to_ldsFalse_gfx950,0.0,437.47,2110.07
gfx950,256,224,4096,4096,False,torch.bfloat16,torch.bfloat16,False,False,flydsl,4203,1,18.2076,flydsl_gemm4_abf16_wbf16_bf16_t64x64x128_split_k1_block_m_warp4_block_n_warp1_block_k_warp2_async_copyTrue_b_to_ldsTrue_b_preshuffleFalse_c_to_ldsFalse_gfx950,0.0049,412.81,2044.45
gfx950,256,232,1,4096,False,torch.bfloat16,torch.bfloat16,False,False,torch,0,0,7.8248,native,0.0,0.24,243.99
gfx950,256,224,10240,4096,False,torch.bfloat16,torch.bfloat16,False,False,flydsl,3014,1,37.2597,flydsl_gemm3_abf16_wbf16_bf16_t64x128x64_split_k1_block_m_warp1_block_n_warp4_block_k_warp1_async_copyTrue_b_to_ldsTrue_b_preshuffleFalse_c_to_ldsFalse_gfx950,0.0,504.31,2423.76
gfx950,256,232,64,4096,False,torch.bfloat16,torch.bfloat16,False,False,flydsl,2439,8,5.0326,flydsl_gemm6_abf16_wbf16_bf16_t16x64x64_split_k8_block_m_warp1_block_n_warp2_block_k_warp1_async_copyTrue_b_to_ldsTrue_b_preshuffleFalse_c_to_ldsFalse_gfx950,0.019,24.17,487.73
gfx950,256,232,8704,4096,False,torch.bfloat16,torch.bfloat16,False,False,flydsl,2334,1,36.1986,flydsl_gemm3_abf16_wbf16_bf16_t128x64x64_split_k1_block_m_warp4_block_n_warp1_block_k_warp1_async_copyTrue_b_to_ldsTrue_b_preshuffleFalse_c_to_ldsFalse_gfx950,0.0,456.99,2133.85
gfx950,256,232,4096,4096,False,torch.bfloat16,torch.bfloat16,False,False,flydsl,4891,1,18.6456,flydsl_gemm5_abf16_wbf16_bf16_t64x64x128_split_k1_block_m_warp4_block_n_warp1_block_k_warp2_async_copyTrue_b_to_ldsTrue_b_preshuffleFalse_c_to_ldsFalse_gfx950,0.0049,417.5,2003.45
gfx950,256,240,1,4096,False,torch.bfloat16,torch.bfloat16,False,False,torch,0,0,8.2734,native,0.0,0.24,238.69
gfx950,256,232,10240,4096,False,torch.bfloat16,torch.bfloat16,False,False,flydsl,4368,1,37.847,flydsl_gemm4_abf16_wbf16_bf16_t96x128x64_split_k1_block_m_warp2_block_n_warp2_block_k_warp1_async_copyTrue_b_to_ldsTrue_b_preshuffleFalse_c_to_ldsFalse_gfx950,0.0,514.22,2392.21
gfx950,256,240,64,4096,False,torch.bfloat16,torch.bfloat16,False,False,flydsl,2439,8,5.1002,flydsl_gemm6_abf16_wbf16_bf16_t16x64x64_split_k8_block_m_warp1_block_n_warp2_block_k_warp1_async_copyTrue_b_to_ldsTrue_b_preshuffleFalse_c_to_ldsFalse_gfx950,0.0189,24.67,494.31
gfx950,256,240,8704,4096,False,torch.bfloat16,torch.bfloat16,False,False,flydsl,1802,1,36.9054,flydsl_gemm2_abf16_wbf16_bf16_t80x64x128_split_k1_block_m_warp1_block_n_warp2_block_k_warp1_async_copyTrue_b_to_ldsTrue_b_preshuffleFalse_c_to_ldsFalse_gfx950,0.0,463.69,2098.53
gfx950,256,240,4096,4096,False,torch.bfloat16,torch.bfloat16,False,False,flydsl,4888,1,18.8056,flydsl_gemm5_abf16_wbf16_bf16_t64x64x128_split_k1_block_m_warp2_block_n_warp2_block_k_warp2_async_copyTrue_b_to_ldsTrue_b_preshuffleFalse_c_to_ldsFalse_gfx950,0.0049,428.23,1993.37
gfx950,256,248,1,4096,False,torch.bfloat16,torch.bfloat16,False,False,torch,0,0,7.7041,native,0.0,0.26,264.83
gfx950,256,240,10240,4096,False,torch.bfloat16,torch.bfloat16,False,False,flydsl,4368,1,37.694,flydsl_gemm4_abf16_wbf16_bf16_t96x128x64_split_k1_block_m_warp2_block_n_warp2_block_k_warp1_async_copyTrue_b_to_ldsTrue_b_preshuffleFalse_c_to_ldsFalse_gfx950,0.0,534.11,2408.01
gfx950,256,248,64,4096,False,torch.bfloat16,torch.bfloat16,False,False,flydsl,2508,8,5.409,flydsl_gemm6_abf16_wbf16_bf16_t32x64x64_split_k8_block_m_warp1_block_n_warp4_block_k_warp1_async_copyTrue_b_to_ldsTrue_b_preshuffleFalse_c_to_ldsFalse_gfx950,0.0194,24.04,478.4
gfx950,256,248,8704,4096,False,torch.bfloat16,torch.bfloat16,False,False,flydsl,4368,1,37.5789,flydsl_gemm4_abf16_wbf16_bf16_t96x128x64_split_k1_block_m_warp2_block_n_warp2_block_k_warp1_async_copyTrue_b_to_ldsTrue_b_preshuffleFalse_c_to_ldsFalse_gfx950,0.0,470.56,2066.37
gfx950,256,248,4096,4096,False,torch.bfloat16,torch.bfloat16,False,False,flydsl,3156,1,19.1362,flydsl_gemm3_abf16_wbf16_bf16_t64x64x128_split_k1_block_m_warp2_block_n_warp2_block_k_warp2_async_copyTrue_b_to_ldsTrue_b_preshuffleFalse_c_to_ldsFalse_gfx950,0.0049,434.86,1965.79
gfx950,256,256,1,4096,False,torch.bfloat16,torch.bfloat16,False,False,torch,0,0,8.3606,native,0.0,0.25,251.88
gfx950,256,248,10240,4096,False,torch.bfloat16,torch.bfloat16,False,False,flydsl,4367,1,37.212,flydsl_gemm4_abf16_wbf16_bf16_t96x128x64_split_k1_block_m_warp2_block_n_warp1_block_k_warp2_async_copyTrue_b_to_ldsTrue_b_preshuffleFalse_c_to_ldsFalse_gfx950,0.0049,559.06,2445.36
gfx950,256,256,64,4096,False,torch.bfloat16,torch.bfloat16,False,False,flydsl,2511,8,5.4947,flydsl_gemm6_abf16_wbf16_bf16_t32x64x64_split_k8_block_m_warp2_block_n_warp2_block_k_warp1_async_copyTrue_b_to_ldsTrue_b_preshuffleFalse_c_to_ldsFalse_gfx950,0.0192,24.43,483.05
gfx950,256,272,1,4096,False,torch.bfloat16,torch.bfloat16,False,False,torch,0,0,7.7614,native,0.0,0.29,288.22
gfx950,256,272,64,4096,False,torch.bfloat16,torch.bfloat16,False,False,flydsl,2508,8,5.5275,flydsl_gemm6_abf16_wbf16_bf16_t32x64x64_split_k8_block_m_warp1_block_n_warp4_block_k_warp1_async_copyTrue_b_to_ldsTrue_b_preshuffleFalse_c_to_ldsFalse_gfx950,0.0194,25.8,504.27
gfx950,256,288,1,4096,False,torch.bfloat16,torch.bfloat16,False,False,torch,0,0,7.7069,native,0.0,0.31,307.27
gfx950,256,272,8704,4096,False,torch.bfloat16,torch.bfloat16,False,False,flydsl,4365,1,38.5141,flydsl_gemm4_abf16_wbf16_bf16_t96x128x64_split_k1_block_m_warp1_block_n_warp4_block_k_warp1_async_copyTrue_b_to_ldsTrue_b_preshuffleFalse_c_to_ldsFalse_gfx950,0.0,503.57,2032.15
gfx950,256,272,10240,4096,False,torch.bfloat16,torch.bfloat16,False,False,flydsl,3510,1,39.0128,flydsl_gemm4_abf16_wbf16_bf16_t128x128x64_split_k1_block_m_warp4_block_n_warp1_block_k_warp2_async_copyTrue_b_to_ldsTrue_b_preshuffleFalse_c_to_ldsFalse_gfx950,0.0048,584.86,2350.12
gfx950,256,288,64,4096,False,torch.bfloat16,torch.bfloat16,False,False,flydsl,2439,8,5.4105,flydsl_gemm6_abf16_wbf16_bf16_t16x64x64_split_k8_block_m_warp1_block_n_warp2_block_k_warp1_async_copyTrue_b_to_ldsTrue_b_preshuffleFalse_c_to_ldsFalse_gfx950,0.0181,27.91,539.77
gfx950,256,288,4096,512,False,torch.bfloat16,torch.bfloat16,False,False,flydsl,3496,1,5.7715,flydsl_gemm4_abf16_wbf16_bf16_t48x64x64_split_k1_block_m_warp1_block_n_warp2_block_k_warp1_async_copyTrue_b_to_ldsTrue_b_preshuffleFalse_c_to_ldsFalse_gfx950,0.0,209.3,1186.61
gfx950,256,288,8704,4096,False,torch.bfloat16,torch.bfloat16,False,False,flydsl,4365,1,37.7312,flydsl_gemm4_abf16_wbf16_bf16_t96x128x64_split_k1_block_m_warp1_block_n_warp4_block_k_warp1_async_copyTrue_b_to_ldsTrue_b_preshuffleFalse_c_to_ldsFalse_gfx950,0.0,544.25,2085.17
gfx950,256,304,1,4096,False,torch.bfloat16,torch.bfloat16,False,False,torch,0,0,7.6841,native,0.0,0.32,325.24
gfx950,256,288,4096,4096,False,torch.bfloat16,torch.bfloat16,False,False,flydsl,4401,1,23.6273,flydsl_gemm4_abf16_wbf16_bf16_t96x64x128_split_k1_block_m_warp1_block_n_warp4_block_k_warp1_async_copyTrue_b_to_ldsTrue_b_preshuffleFalse_c_to_ldsFalse_gfx950,0.0,409.0,1619.86
gfx950,256,288,10240,4096,False,torch.bfloat16,torch.bfloat16,False,False,flydsl,4368,1,40.405,flydsl_gemm4_abf16_wbf16_bf16_t96x128x64_split_k1_block_m_warp2_block_n_warp2_block_k_warp1_async_copyTrue_b_to_ldsTrue_b_preshuffleFalse_c_to_ldsFalse_gfx950,0.0,597.93,2280.5
gfx950,256,304,64,4096,False,torch.bfloat16,torch.bfloat16,False,False,flydsl,2439,8,5.5571,flydsl_gemm6_abf16_wbf16_bf16_t16x64x64_split_k8_block_m_warp1_block_n_warp2_block_k_warp1_async_copyTrue_b_to_ldsTrue_b_preshuffleFalse_c_to_ldsFalse_gfx950,0.0187,28.68,549.49
gfx950,256,304,4096,512,False,torch.bfloat16,torch.bfloat16,False,False,flydsl,5138,1,5.7293,flydsl_gemm7_abf16_wbf16_bf16_t96x64x64_split_k1_block_m_warp2_block_n_warp2_block_k_warp1_async_copyTrue_b_to_ldsTrue_b_preshuffleFalse_c_to_ldsFalse_gfx950,0.0,222.55,1221.09
gfx950,256,304,8704,4096,False,torch.bfloat16,torch.bfloat16,False,False,flydsl,3499,1,40.3553,flydsl_gemm4_abf16_wbf16_bf16_t128x128x64_split_k1_block_m_warp1_block_n_warp4_block_k_warp2_async_copyTrue_b_to_ldsTrue_b_preshuffleFalse_c_to_ldsFalse_gfx950,0.0049,537.13,1959.73
gfx950,256,320,1,4096,False,torch.bfloat16,torch.bfloat16,False,False,torch,0,0,7.733,native,0.0,0.34,340.14
gfx950,256,304,4096,4096,False,torch.bfloat16,torch.bfloat16,False,False,flydsl,4403,1,23.6528,flydsl_gemm4_abf16_wbf16_bf16_t96x64x128_split_k1_block_m_warp2_block_n_warp1_block_k_warp2_async_copyTrue_b_to_ldsTrue_b_preshuffleFalse_c_to_ldsFalse_gfx950,0.0049,431.26,1629.2
gfx950,256,304,10240,4096,False,torch.bfloat16,torch.bfloat16,False,False,flydsl,3508,1,40.5905,flydsl_gemm4_abf16_wbf16_bf16_t128x128x64_split_k1_block_m_warp2_block_n_warp4_block_k_warp2_async_copyTrue_b_to_ldsTrue_b_preshuffleFalse_c_to_ldsFalse_gfx950,0.0048,628.26,2281.38
gfx950,256,320,64,4096,False,torch.bfloat16,torch.bfloat16,False,False,flydsl,2439,8,5.6762,flydsl_gemm6_abf16_wbf16_bf16_t16x64x64_split_k8_block_m_warp1_block_n_warp2_block_k_warp1_async_copyTrue_b_to_ldsTrue_b_preshuffleFalse_c_to_ldsFalse_gfx950,0.0191,29.56,561.41
gfx950,256,320,4096,512,False,torch.bfloat16,torch.bfloat16,False,False,flydsl,3865,1,5.7076,flydsl_gemm4_abf16_wbf16_bf16_t96x64x64_split_k1_block_m_warp2_block_n_warp2_block_k_warp1_async_copyTrue_b_to_ldsTrue_b_preshuffleFalse_c_to_ldsFalse_gfx950,0.0,235.16,1251.56
gfx950,256,336,1,4096,False,torch.bfloat16,torch.bfloat16,False,False,torch,0,0,8.2544,native,0.0,0.33,334.53
gfx950,256,320,8704,4096,False,torch.bfloat16,torch.bfloat16,False,False,flydsl,3510,1,40.1665,flydsl_gemm4_abf16_wbf16_bf16_t128x128x64_split_k1_block_m_warp4_block_n_warp1_block_k_warp2_async_copyTrue_b_to_ldsTrue_b_preshuffleFalse_c_to_ldsFalse_gfx950,0.0049,568.06,1979.14
gfx950,256,320,4096,4096,False,torch.bfloat16,torch.bfloat16,False,False,flydsl,5992,1,23.7201,flydsl_gemm8_abf16_wbf16_bf16_t96x64x64_split_k1_block_m_warp1_block_n_warp2_block_k_warp2_async_copyTrue_b_to_ldsTrue_b_preshuffleFalse_c_to_ldsFalse_gfx950,0.0049,452.67,1635.63
gfx950,256,320,10240,4096,False,torch.bfloat16,torch.bfloat16,False,False,flydsl,3513,1,41.9966,flydsl_gemm4_abf16_wbf16_bf16_t128x128x64_split_k1_block_m_warp4_block_n_warp2_block_k_warp2_async_copyTrue_b_to_ldsTrue_b_preshuffleFalse_c_to_ldsFalse_gfx950,0.0048,639.18,2215.92
gfx950,256,336,64,4096,False,torch.bfloat16,torch.bfloat16,False,False,flydsl,2439,8,5.7699,flydsl_gemm6_abf16_wbf16_bf16_t16x64x64_split_k8_block_m_warp1_block_n_warp2_block_k_warp1_async_copyTrue_b_to_ldsTrue_b_preshuffleFalse_c_to_ldsFalse_gfx950,0.0186,30.53,575.37
gfx950,256,336,4096,512,False,torch.bfloat16,torch.bfloat16,False,False,flydsl,3865,1,5.7494,flydsl_gemm4_abf16_wbf16_bf16_t96x64x64_split_k1_block_m_warp2_block_n_warp2_block_k_warp1_async_copyTrue_b_to_ldsTrue_b_preshuffleFalse_c_to_ldsFalse_gfx950,0.0,245.12,1268.11
gfx950,256,336,8704,4096,False,torch.bfloat16,torch.bfloat16,False,False,flydsl,3499,1,40.619,flydsl_gemm4_abf16_wbf16_bf16_t128x128x64_split_k1_block_m_warp1_block_n_warp4_block_k_warp2_async_copyTrue_b_to_ldsTrue_b_preshuffleFalse_c_to_ldsFalse_gfx950,0.0049,589.82,1967.18
gfx950,256,336,4096,4096,False,torch.bfloat16,torch.bfloat16,False,False,flydsl,4400,1,23.8055,flydsl_gemm4_abf16_wbf16_bf16_t96x64x128_split_k1_block_m_warp1_block_n_warp2_block_k_warp2_async_copyTrue_b_to_ldsTrue_b_preshuffleFalse_c_to_ldsFalse_gfx950,0.0049,473.6,1640.77
gfx950,256,352,1,4096,False,torch.bfloat16,torch.bfloat16,False,False,torch,0,0,7.7698,native,0.0,0.37,372.27
gfx950,256,336,10240,4096,False,torch.bfloat16,torch.bfloat16,False,False,flydsl,3508,1,40.9662,flydsl_gemm4_abf16_wbf16_bf16_t128x128x64_split_k1_block_m_warp2_block_n_warp4_block_k_warp2_async_copyTrue_b_to_ldsTrue_b_preshuffleFalse_c_to_ldsFalse_gfx950,0.0049,688.02,2282.85
gfx950,256,352,64,4096,False,torch.bfloat16,torch.bfloat16,False,False,flydsl,2439,8,5.7007,flydsl_gemm6_abf16_wbf16_bf16_t16x64x64_split_k8_block_m_warp1_block_n_warp2_block_k_warp1_async_copyTrue_b_to_ldsTrue_b_preshuffleFalse_c_to_ldsFalse_gfx950,0.019,32.37,605.7
gfx950,256,352,4096,512,False,torch.bfloat16,torch.bfloat16,False,False,flydsl,3865,1,5.8419,flydsl_gemm4_abf16_wbf16_bf16_t96x64x64_split_k1_block_m_warp2_block_n_warp2_block_k_warp1_async_copyTrue_b_to_ldsTrue_b_preshuffleFalse_c_to_ldsFalse_gfx950,0.0,252.73,1273.27
gfx950,256,352,8704,4096,False,torch.bfloat16,torch.bfloat16,False,False,flydsl,3513,1,40.8042,flydsl_gemm4_abf16_wbf16_bf16_t128x128x64_split_k1_block_m_warp4_block_n_warp2_block_k_warp2_async_copyTrue_b_to_ldsTrue_b_preshuffleFalse_c_to_ldsFalse_gfx950,0.0049,615.1,1968.29
gfx950,256,368,1,4096,False,torch.bfloat16,torch.bfloat16,False,False,torch,0,0,7.7926,native,0.0,0.39,388.01
gfx950,256,352,4096,4096,False,torch.bfloat16,torch.bfloat16,False,False,flydsl,4400,1,23.8629,flydsl_gemm4_abf16_wbf16_bf16_t96x64x128_split_k1_block_m_warp1_block_n_warp2_block_k_warp2_async_copyTrue_b_to_ldsTrue_b_preshuffleFalse_c_to_ldsFalse_gfx950,0.0049,494.96,1647.81
gfx950,256,352,10240,4096,False,torch.bfloat16,torch.bfloat16,False,False,flydsl,3508,1,42.8146,flydsl_gemm4_abf16_wbf16_bf16_t128x128x64_split_k1_block_m_warp2_block_n_warp4_block_k_warp2_async_copyTrue_b_to_ldsTrue_b_preshuffleFalse_c_to_ldsFalse_gfx950,0.0049,689.67,2195.01
gfx950,256,368,64,4096,False,torch.bfloat16,torch.bfloat16,False,False,flydsl,2663,8,6.0423,flydsl_gemm7_abf16_wbf16_bf16_t16x64x64_split_k8_block_m_warp1_block_n_warp2_block_k_warp1_async_copyTrue_b_to_ldsTrue_b_preshuffleFalse_c_to_ldsFalse_gfx950,0.019,31.93,593.49
gfx950,256,368,4096,512,False,torch.bfloat16,torch.bfloat16,False,False,flydsl,3862,1,6.5157,flydsl_gemm4_abf16_wbf16_bf16_t96x64x64_split_k1_block_m_warp1_block_n_warp4_block_k_warp1_async_copyTrue_b_to_ldsTrue_b_preshuffleFalse_c_to_ldsFalse_gfx950,0.0,236.89,1164.23
gfx950,256,368,8704,4096,False,torch.bfloat16,torch.bfloat16,False,False,flydsl,3508,1,41.9235,flydsl_gemm4_abf16_wbf16_bf16_t128x128x64_split_k1_block_m_warp2_block_n_warp4_block_k_warp2_async_copyTrue_b_to_ldsTrue_b_preshuffleFalse_c_to_ldsFalse_gfx950,0.0049,625.89,1925.51
gfx950,256,368,4096,4096,False,torch.bfloat16,torch.bfloat16,False,False,flydsl,4400,1,23.9613,flydsl_gemm4_abf16_wbf16_bf16_t96x64x128_split_k1_block_m_warp1_block_n_warp2_block_k_warp2_async_copyTrue_b_to_ldsTrue_b_preshuffleFalse_c_to_ldsFalse_gfx950,0.0049,515.33,1651.99
gfx950,256,384,1,4096,False,torch.bfloat16,torch.bfloat16,False,False,torch,0,0,7.7836,native,0.0,0.4,405.3
gfx950,256,368,10240,4096,False,torch.bfloat16,torch.bfloat16,False,False,flydsl,3508,1,43.5426,flydsl_gemm4_abf16_wbf16_bf16_t128x128x64_split_k1_block_m_warp2_block_n_warp4_block_k_warp2_async_copyTrue_b_to_ldsTrue_b_preshuffleFalse_c_to_ldsFalse_gfx950,0.0049,708.96,2168.85
gfx950,256,400,1,4096,False,torch.bfloat16,torch.bfloat16,False,False,torch,0,0,7.7364,native,0.0,0.42,424.72
gfx950,256,384,64,4096,False,torch.bfloat16,torch.bfloat16,False,False,flydsl,2508,8,6.2338,flydsl_gemm6_abf16_wbf16_bf16_t32x64x64_split_k8_block_m_warp1_block_n_warp4_block_k_warp1_async_copyTrue_b_to_ldsTrue_b_preshuffleFalse_c_to_ldsFalse_gfx950,0.0186,32.3,596.61
gfx950,256,400,64,4096,False,torch.bfloat16,torch.bfloat16,False,False,flydsl,2663,8,6.136,flydsl_gemm7_abf16_wbf16_bf16_t16x64x64_split_k8_block_m_warp1_block_n_warp2_block_k_warp1_async_copyTrue_b_to_ldsTrue_b_preshuffleFalse_c_to_ldsFalse_gfx950,0.0197,34.18,627.82
gfx950,256,400,4096,512,False,torch.bfloat16,torch.bfloat16,False,False,flydsl,4517,1,6.3298,flydsl_gemm6_abf16_wbf16_bf16_t128x64x64_split_k1_block_m_warp4_block_n_warp2_block_k_warp1_async_copyTrue_b_to_ldsTrue_b_preshuffleFalse_c_to_ldsFalse_gfx950,0.0,265.05,1245.02
gfx950,256,400,4096,4096,False,torch.bfloat16,torch.bfloat16,False,False,flydsl,2932,1,26.66,flydsl_gemm3_abf16_wbf16_bf16_t64x128x128_split_k1_block_m_warp2_block_n_warp4_block_k_warp2_async_copyTrue_b_to_ldsTrue_b_preshuffleFalse_c_to_ldsFalse_gfx950,0.0049,503.44,1504.43
gfx950,256,416,1,4096,False,torch.bfloat16,torch.bfloat16,False,False,torch,0,0,8.1195,native,0.0,0.42,420.83
gfx950,256,400,8704,4096,False,torch.bfloat16,torch.bfloat16,False,False,flydsl,4133,1,50.9958,flydsl_gemm4_abf16_wbf16_bf16_t64x256x64_split_k1_block_m_warp2_block_n_warp4_block_k_warp1_async_copyTrue_b_to_ldsTrue_b_preshuffleFalse_c_to_ldsFalse_gfx950,0.0,559.29,1599.02
gfx950,256,400,10240,4096,False,torch.bfloat16,torch.bfloat16,False,False,flydsl,3305,1,55.1563,flydsl_gemm3_abf16_wbf16_bf16_t80x128x64_split_k1_block_m_warp1_block_n_warp1_block_k_warp2_async_copyTrue_b_to_ldsTrue_b_preshuffleFalse_c_to_ldsFalse_gfx950,0.0048,608.35,1728.81
gfx950,256,416,64,4096,False,torch.bfloat16,torch.bfloat16,False,False,flydsl,2663,8,5.9279,flydsl_gemm7_abf16_wbf16_bf16_t16x64x64_split_k8_block_m_warp1_block_n_warp2_block_k_warp1_async_copyTrue_b_to_ldsTrue_b_preshuffleFalse_c_to_ldsFalse_gfx950,0.0192,36.79,672.31
gfx950,256,416,4096,512,False,torch.bfloat16,torch.bfloat16,False,False,flydsl,1889,1,6.7999,flydsl_gemm3_abf16_wbf16_bf16_t128x64x128_split_k1_block_m_warp4_block_n_warp2_block_k_warp1_async_copyTrue_b_to_ldsTrue_b_preshuffleFalse_c_to_ldsFalse_gfx950,0.0,256.6,1180.63
gfx950,256,416,8704,4096,False,torch.bfloat16,torch.bfloat16,False,False,flydsl,4127,1,52.5072,flydsl_gemm4_abf16_wbf16_bf16_t64x256x64_split_k1_block_m_warp1_block_n_warp4_block_k_warp2_async_copyTrue_b_to_ldsTrue_b_preshuffleFalse_c_to_ldsFalse_gfx950,0.0048,564.92,1560.79
gfx950,256,432,1,4096,False,torch.bfloat16,torch.bfloat16,False,False,torch,0,0,8.8323,native,0.0,0.4,401.71
gfx950,256,416,4096,4096,False,torch.bfloat16,torch.bfloat16,False,False,flydsl,2249,1,27.4172,flydsl_gemm3_abf16_wbf16_bf16_t128x64x128_split_k1_block_m_warp4_block_n_warp2_block_k_warp2_async_copyTrue_b_to_ldsTrue_b_preshuffleFalse_c_to_ldsFalse_gfx950,0.0049,509.12,1472.44
gfx950,256,416,10240,4096,False,torch.bfloat16,torch.bfloat16,False,False,flydsl,3305,1,59.2175,flydsl_gemm3_abf16_wbf16_bf16_t80x128x64_split_k1_block_m_warp1_block_n_warp1_block_k_warp2_async_copyTrue_b_to_ldsTrue_b_preshuffleFalse_c_to_ldsFalse_gfx950,0.0048,589.3,1618.0
gfx950,256,432,64,4096,False,torch.bfloat16,torch.bfloat16,False,False,flydsl,2663,8,5.9203,flydsl_gemm7_abf16_wbf16_bf16_t16x64x64_split_k8_block_m_warp1_block_n_warp2_block_k_warp1_async_copyTrue_b_to_ldsTrue_b_preshuffleFalse_c_to_ldsFalse_gfx950,0.0187,38.26,695.66
gfx950,256,432,4096,512,False,torch.bfloat16,torch.bfloat16,False,False,flydsl,1889,1,6.4179,flydsl_gemm3_abf16_wbf16_bf16_t128x64x128_split_k1_block_m_warp4_block_n_warp2_block_k_warp1_async_copyTrue_b_to_ldsTrue_b_preshuffleFalse_c_to_ldsFalse_gfx950,0.0,282.33,1273.88
gfx950,256,432,8704,4096,False,torch.bfloat16,torch.bfloat16,False,False,flydsl,3016,1,52.2791,flydsl_gemm3_abf16_wbf16_bf16_t64x128x64_split_k1_block_m_warp2_block_n_warp1_block_k_warp1_async_copyTrue_b_to_ldsTrue_b_preshuffleFalse_c_to_ldsFalse_gfx950,0.0,589.2,1575.44
gfx950,256,448,1,4096,False,torch.bfloat16,torch.bfloat16,False,False,torch,0,0,8.8167,native,0.0,0.42,417.29
gfx950,256,432,4096,4096,False,torch.bfloat16,torch.bfloat16,False,False,flydsl,2932,1,27.1955,flydsl_gemm3_abf16_wbf16_bf16_t64x128x128_split_k1_block_m_warp2_block_n_warp4_block_k_warp2_async_copyTrue_b_to_ldsTrue_b_preshuffleFalse_c_to_ldsFalse_gfx950,0.0049,533.01,1494.08
gfx950,256,432,10240,4096,False,torch.bfloat16,torch.bfloat16,False,False,torch,0,0,56.073,native,0.0,646.28,1716.91
gfx950,256,448,64,4096,False,torch.bfloat16,torch.bfloat16,False,False,flydsl,2439,8,6.2743,flydsl_gemm6_abf16_wbf16_bf16_t16x64x64_split_k8_block_m_warp1_block_n_warp2_block_k_warp1_async_copyTrue_b_to_ldsTrue_b_preshuffleFalse_c_to_ldsFalse_gfx950,0.0186,37.44,677.63
gfx950,256,448,4096,512,False,torch.bfloat16,torch.bfloat16,False,False,flydsl,1889,1,6.5861,flydsl_gemm3_abf16_wbf16_bf16_t128x64x128_split_k1_block_m_warp4_block_n_warp2_block_k_warp1_async_copyTrue_b_to_ldsTrue_b_preshuffleFalse_c_to_ldsFalse_gfx950,0.0,285.31,1263.73
gfx950,256,448,8704,4096,False,torch.bfloat16,torch.bfloat16,False,False,flydsl,4133,1,53.6425,flydsl_gemm4_abf16_wbf16_bf16_t64x256x64_split_k1_block_m_warp2_block_n_warp4_block_k_warp1_async_copyTrue_b_to_ldsTrue_b_preshuffleFalse_c_to_ldsFalse_gfx950,0.0,595.49,1543.03
gfx950,256,464,1,4096,False,torch.bfloat16,torch.bfloat16,False,False,torch,0,0,8.9391,native,0.0,0.43,426.24
gfx950,256,448,4096,4096,False,torch.bfloat16,torch.bfloat16,False,False,flydsl,2244,1,27.6165,flydsl_gemm3_abf16_wbf16_bf16_t128x64x128_split_k1_block_m_warp2_block_n_warp4_block_k_warp2_async_copyTrue_b_to_ldsTrue_b_preshuffleFalse_c_to_ldsFalse_gfx950,0.0049,544.33,1480.8
gfx950,256,448,10240,4096,False,torch.bfloat16,torch.bfloat16,False,False,torch,0,0,53.4104,native,0.0,703.63,1811.09
gfx950,256,464,64,4096,False,torch.bfloat16,torch.bfloat16,False,False,flydsl,2663,8,6.3025,flydsl_gemm7_abf16_wbf16_bf16_t16x64x64_split_k8_block_m_warp1_block_n_warp2_block_k_warp1_async_copyTrue_b_to_ldsTrue_b_preshuffleFalse_c_to_ldsFalse_gfx950,0.0201,38.6,695.72
gfx950,256,464,4096,512,False,torch.bfloat16,torch.bfloat16,False,False,flydsl,1889,1,7.0325,flydsl_gemm3_abf16_wbf16_bf16_t128x64x128_split_k1_block_m_warp4_block_n_warp2_block_k_warp1_async_copyTrue_b_to_ldsTrue_b_preshuffleFalse_c_to_ldsFalse_gfx950,0.0,276.74,1204.48
gfx950,256,464,8704,4096,False,torch.bfloat16,torch.bfloat16,False,False,torch,0,0,51.4519,native,0.0,643.02,1616.69
gfx950,256,464,4096,4096,False,torch.bfloat16,torch.bfloat16,False,False,flydsl,2249,1,27.2481,flydsl_gemm3_abf16_wbf16_bf16_t128x64x128_split_k1_block_m_warp4_block_n_warp2_block_k_warp2_async_copyTrue_b_to_ldsTrue_b_preshuffleFalse_c_to_ldsFalse_gfx950,0.0049,571.39,1510.44
gfx950,256,480,1,4096,False,torch.bfloat16,torch.bfloat16,False,False,torch,0,0,8.4343,native,0.0,0.47,467.3
gfx950,256,464,10240,4096,False,torch.bfloat16,torch.bfloat16,False,False,torch,0,0,55.606,native,0.0,699.98,1747.83
gfx950,256,480,64,4096,False,torch.bfloat16,torch.bfloat16,False,False,flydsl,2439,8,6.2556,flydsl_gemm6_abf16_wbf16_bf16_t16x64x64_split_k8_block_m_warp1_block_n_warp2_block_k_warp1_async_copyTrue_b_to_ldsTrue_b_preshuffleFalse_c_to_ldsFalse_gfx950,0.0185,40.23,722.21
gfx950,256,480,4096,512,False,torch.bfloat16,torch.bfloat16,False,False,flydsl,1889,1,7.113,flydsl_gemm3_abf16_wbf16_bf16_t128x64x128_split_k1_block_m_warp4_block_n_warp2_block_k_warp1_async_copyTrue_b_to_ldsTrue_b_preshuffleFalse_c_to_ldsFalse_gfx950,0.0,283.04,1211.58
gfx950,256,480,8704,4096,False,torch.bfloat16,torch.bfloat16,False,False,torch,0,0,52.2299,native,0.0,655.29,1600.45
gfx950,256,496,1,4096,False,torch.bfloat16,torch.bfloat16,False,False,torch,0,0,8.4251,native,0.0,0.48,483.37
gfx950,256,480,4096,4096,False,torch.bfloat16,torch.bfloat16,False,False,flydsl,3597,1,27.4788,flydsl_gemm4_abf16_wbf16_bf16_t128x64x64_split_k1_block_m_warp2_block_n_warp4_block_k_warp1_async_copyTrue_b_to_ldsTrue_b_preshuffleFalse_c_to_ldsFalse_gfx950,0.0,586.13,1507.3
gfx950,256,480,10240,4096,False,torch.bfloat16,torch.bfloat16,False,False,torch,0,0,53.5387,native,0.0,752.08,1823.89
gfx950,256,496,64,4096,False,torch.bfloat16,torch.bfloat16,False,False,flydsl,2439,8,6.2597,flydsl_gemm6_abf16_wbf16_bf16_t16x64x64_split_k8_block_m_warp1_block_n_warp2_block_k_warp1_async_copyTrue_b_to_ldsTrue_b_preshuffleFalse_c_to_ldsFalse_gfx950,0.0192,41.54,743.01
gfx950,256,496,4096,512,False,torch.bfloat16,torch.bfloat16,False,False,flydsl,1889,1,6.7235,flydsl_gemm3_abf16_wbf16_bf16_t128x64x128_split_k1_block_m_warp4_block_n_warp2_block_k_warp1_async_copyTrue_b_to_ldsTrue_b_preshuffleFalse_c_to_ldsFalse_gfx950,0.0,309.42,1303.7
gfx950,256,496,8704,4096,False,torch.bfloat16,torch.bfloat16,False,False,torch,0,0,53.6091,native,0.0,659.71,1566.91
gfx950,256,496,4096,4096,False,torch.bfloat16,torch.bfloat16,False,False,flydsl,2932,1,28.1989,flydsl_gemm3_abf16_wbf16_bf16_t64x128x128_split_k1_block_m_warp2_block_n_warp4_block_k_warp2_async_copyTrue_b_to_ldsTrue_b_preshuffleFalse_c_to_ldsFalse_gfx950,0.0049,590.2,1478.1
gfx950,256,512,1,4096,False,torch.bfloat16,torch.bfloat16,False,False,torch,0,0,8.9111,native,0.0,0.47,471.72
gfx950,256,496,10240,4096,False,torch.bfloat16,torch.bfloat16,False,False,torch,0,0,55.6223,native,0.0,748.04,1763.81
gfx950,256,514,1,4096,False,torch.bfloat16,torch.bfloat16,False,False,torch,0,0,8.5751,native,0.0,0.49,492.11
gfx950,256,512,64,4096,False,torch.bfloat16,torch.bfloat16,False,False,flydsl,2851,8,6.588,flydsl_gemm8_abf16_wbf16_bf16_t16x64x64_split_k8_block_m_warp1_block_n_warp2_block_k_warp1_async_copyTrue_b_to_ldsTrue_b_preshuffleFalse_c_to_ldsFalse_gfx950,0.0196,40.75,726.19
gfx950,256,514,64,4096,False,torch.bfloat16,torch.bfloat16,False,False,flydsl,2508,8,6.4972,flydsl_gemm6_abf16_wbf16_bf16_t32x64x64_split_k8_block_m_warp1_block_n_warp4_block_k_warp1_async_copyTrue_b_to_ldsTrue_b_preshuffleFalse_c_to_ldsFalse_gfx950,0.0193,41.48,738.9
gfx950,256,514,8704,4096,False,torch.bfloat16,torch.bfloat16,False,False,flydsl,3305,1,59.0937,flydsl_gemm3_abf16_wbf16_bf16_t80x128x64_split_k1_block_m_warp1_block_n_warp1_block_k_warp2_async_copyTrue_b_to_ldsTrue_b_preshuffleFalse_c_to_ldsFalse_gfx950,0.0049,620.2,1429.28
gfx950,256,514,4096,4096,False,torch.bfloat16,torch.bfloat16,False,False,flydsl,4365,1,35.3956,flydsl_gemm4_abf16_wbf16_bf16_t96x128x64_split_k1_block_m_warp1_block_n_warp4_block_k_warp1_async_copyTrue_b_to_ldsTrue_b_preshuffleFalse_c_to_ldsFalse_gfx950,0.0,487.26,1185.9
gfx950,256,529,1,4096,False,torch.bfloat16,torch.bfloat16,False,False,torch,0,0,9.3494,native,0.0,0.46,464.5
gfx950,256,514,10240,4096,False,torch.bfloat16,torch.bfloat16,False,False,flydsl,2171,1,62.8998,flydsl_gemm3_abf16_wbf16_bf16_t128x256x64_split_k1_block_m_warp2_block_n_warp4_block_k_warp2_async_copyTrue_b_to_ldsTrue_b_preshuffleFalse_c_to_ldsFalse_gfx950,0.0049,685.49,1567.95
gfx950,256,514,1024,4096,False,torch.bfloat16,torch.bfloat16,False,False,torch,0,0,17.3391,native,0.0,248.67,787.35
gfx950,256,529,64,4096,False,torch.bfloat16,torch.bfloat16,False,False,flydsl,2696,8,6.9198,flydsl_gemm7_abf16_wbf16_bf16_t32x64x64_split_k8_block_m_warp1_block_n_warp4_block_k_warp1_async_copyTrue_b_to_ldsTrue_b_preshuffleFalse_c_to_ldsFalse_gfx950,0.0206,40.08,711.81
gfx950,256,529,4096,4096,False,torch.bfloat16,torch.bfloat16,False,False,flydsl,4365,1,34.9524,flydsl_gemm4_abf16_wbf16_bf16_t96x128x64_split_k1_block_m_warp1_block_n_warp4_block_k_warp1_async_copyTrue_b_to_ldsTrue_b_preshuffleFalse_c_to_ldsFalse_gfx950,0.0,507.84,1207.97
gfx950,256,529,8704,4096,False,torch.bfloat16,torch.bfloat16,False,False,flydsl,3305,1,58.3482,flydsl_gemm3_abf16_wbf16_bf16_t80x128x64_split_k1_block_m_warp1_block_n_warp1_block_k_warp2_async_copyTrue_b_to_ldsTrue_b_preshuffleFalse_c_to_ldsFalse_gfx950,0.0049,646.45,1454.12
gfx950,256,567,1,4096,False,torch.bfloat16,torch.bfloat16,False,False,torch,0,0,9.4803,native,0.0,0.49,490.93
gfx950,256,529,1024,4096,False,torch.bfloat16,torch.bfloat16,False,False,torch,0,0,16.6021,native,0.0,267.29,831.56
gfx950,256,529,10240,4096,False,torch.bfloat16,torch.bfloat16,False,False,torch,0,0,63.6651,native,0.0,697.02,1555.85
gfx950,256,567,4096,4096,False,torch.bfloat16,torch.bfloat16,False,False,flydsl,1801,1,35.3872,flydsl_gemm2_abf16_wbf16_bf16_t80x64x128_split_k1_block_m_warp1_block_n_warp1_block_k_warp2_async_copyTrue_b_to_ldsTrue_b_preshuffleFalse_c_to_ldsFalse_gfx950,0.0049,537.63,1210.72
gfx950,256,567,64,4096,False,torch.bfloat16,torch.bfloat16,False,False,flydsl,2511,8,6.8074,flydsl_gemm6_abf16_wbf16_bf16_t32x64x64_split_k8_block_m_warp2_block_n_warp2_block_k_warp1_async_copyTrue_b_to_ldsTrue_b_preshuffleFalse_c_to_ldsFalse_gfx950,0.0193,43.67,770.0
gfx950,256,567,1024,4096,False,torch.bfloat16,torch.bfloat16,False,False,torch,0,0,17.3541,native,0.0,274.08,817.94
gfx950,256,567,8704,4096,False,torch.bfloat16,torch.bfloat16,False,False,torch,0,0,62.3087,native,0.0,648.85,1377.31
gfx950,256,567,10240,4096,False,torch.bfloat16,torch.bfloat16,False,False,torch,0,0,63.1367,native,0.0,753.34,1586.13
gfx950,256,607,1,4096,False,torch.bfloat16,torch.bfloat16,False,False,torch,0,0,9.5003,native,0.0,0.52,524.4
gfx950,256,607,4096,4096,False,torch.bfloat16,torch.bfloat16,False,False,flydsl,4365,1,36.6957,flydsl_gemm4_abf16_wbf16_bf16_t96x128x64_split_k1_block_m_warp1_block_n_warp4_block_k_warp1_async_copyTrue_b_to_ldsTrue_b_preshuffleFalse_c_to_ldsFalse_gfx950,0.0,555.04,1185.41
gfx950,256,607,64,4096,False,torch.bfloat16,torch.bfloat16,False,False,flydsl,2508,8,6.8896,flydsl_gemm6_abf16_wbf16_bf16_t32x64x64_split_k8_block_m_warp1_block_n_warp4_block_k_warp1_async_copyTrue_b_to_ldsTrue_b_preshuffleFalse_c_to_ldsFalse_gfx950,0.0188,46.19,809.12
gfx950,256,607,1024,4096,False,torch.bfloat16,torch.bfloat16,False,False,torch,0,0,17.5233,native,0.0,290.58,833.42
gfx950,256,607,8704,4096,False,torch.bfloat16,torch.bfloat16,False,False,torch,0,0,63.1471,native,0.0,685.4,1375.24
gfx950,256,632,1,4096,False,torch.bfloat16,torch.bfloat16,False,False,torch,0,0,9.1391,native,0.0,0.57,567.54
gfx950,256,607,10240,4096,False,torch.bfloat16,torch.bfloat16,False,False,flydsl,2171,1,66.7333,flydsl_gemm3_abf16_wbf16_bf16_t128x256x64_split_k1_block_m_warp2_block_n_warp4_block_k_warp2_async_copyTrue_b_to_ldsTrue_b_preshuffleFalse_c_to_ldsFalse_gfx950,0.0049,763.02,1517.83
gfx950,256,632,4096,4096,False,torch.bfloat16,torch.bfloat16,False,False,flydsl,4365,1,36.7961,flydsl_gemm4_abf16_wbf16_bf16_t96x128x64_split_k1_block_m_warp1_block_n_warp4_block_k_warp1_async_copyTrue_b_to_ldsTrue_b_preshuffleFalse_c_to_ldsFalse_gfx950,0.0,576.32,1193.31
gfx950,256,632,64,4096,False,torch.bfloat16,torch.bfloat16,False,False,flydsl,2508,8,7.4095,flydsl_gemm6_abf16_wbf16_bf16_t32x64x64_split_k8_block_m_warp1_block_n_warp4_block_k_warp1_async_copyTrue_b_to_ldsTrue_b_preshuffleFalse_c_to_ldsFalse_gfx950,0.0187,44.72,780.42
gfx950,256,632,8704,4096,False,torch.bfloat16,torch.bfloat16,False,False,flydsl,2175,1,66.3857,flydsl_gemm3_abf16_wbf16_bf16_t128x256x64_split_k1_block_m_warp4_block_n_warp2_block_k_warp2_async_copyTrue_b_to_ldsTrue_b_preshuffleFalse_c_to_ldsFalse_gfx950,0.0049,678.81,1317.79
gfx950,256,632,1024,4096,False,torch.bfloat16,torch.bfloat16,False,False,torch,0,0,17.7806,native,0.0,298.17,835.76
gfx950,256,632,10240,4096,False,torch.bfloat16,torch.bfloat16,False,False,torch,0,0,62.2024,native,0.0,852.31,1639.92
gfx950,256,671,1,4096,False,torch.bfloat16,torch.bfloat16,False,False,torch,0,0,9.5855,native,0.0,0.57,574.45
gfx950,256,671,4096,4096,False,torch.bfloat16,torch.bfloat16,False,False,flydsl,4364,1,37.2438,flydsl_gemm4_abf16_wbf16_bf16_t96x128x64_split_k1_block_m_warp1_block_n_warp2_block_k_warp2_async_copyTrue_b_to_ldsTrue_b_preshuffleFalse_c_to_ldsFalse_gfx950,0.0049,604.53,1196.12
gfx950,256,671,64,4096,False,torch.bfloat16,torch.bfloat16,False,False,flydsl,1563,4,6.9459,flydsl_gemm4_abf16_wbf16_bf16_t16x64x256_split_k4_block_m_warp1_block_n_warp1_block_k_warp2_async_copyTrue_b_to_ldsTrue_b_preshuffleFalse_c_to_ldsFalse_gfx950,0.019,50.65,879.22
gfx950,256,671,1024,4096,False,torch.bfloat16,torch.bfloat16,False,False,torch,0,0,17.8166,native,0.0,315.93,856.48
gfx950,256,671,8704,4096,False,torch.bfloat16,torch.bfloat16,False,False,flydsl,2175,1,65.8236,flydsl_gemm3_abf16_wbf16_bf16_t128x256x64_split_k1_block_m_warp4_block_n_warp2_block_k_warp2_async_copyTrue_b_to_ldsTrue_b_preshuffleFalse_c_to_ldsFalse_gfx950,0.0049,726.86,1344.21
gfx950,256,740,1,4096,False,torch.bfloat16,torch.bfloat16,False,False,torch,0,0,9.8155,native,0.0,0.62,618.59
gfx950,256,671,10240,4096,False,torch.bfloat16,torch.bfloat16,False,False,flydsl,2171,1,70.3385,flydsl_gemm3_abf16_wbf16_bf16_t128x256x64_split_k1_block_m_warp2_block_n_warp4_block_k_warp2_async_copyTrue_b_to_ldsTrue_b_preshuffleFalse_c_to_ldsFalse_gfx950,0.0049,800.24,1466.12
gfx950,256,740,4096,4096,False,torch.bfloat16,torch.bfloat16,False,False,flydsl,3512,1,36.5653,flydsl_gemm4_abf16_wbf16_bf16_t128x128x64_split_k1_block_m_warp4_block_n_warp2_block_k_warp1_async_copyTrue_b_to_ldsTrue_b_preshuffleFalse_c_to_ldsFalse_gfx950,0.0,679.07,1249.23
gfx950,256,740,64,4096,False,torch.bfloat16,torch.bfloat16,False,False,flydsl,1563,4,7.1602,flydsl_gemm4_abf16_wbf16_bf16_t16x64x256_split_k4_block_m_warp1_block_n_warp1_block_k_warp2_async_copyTrue_b_to_ldsTrue_b_preshuffleFalse_c_to_ldsFalse_gfx950,0.0185,54.18,933.09
gfx950,256,740,8704,4096,False,torch.bfloat16,torch.bfloat16,False,False,flydsl,2171,1,66.9812,flydsl_gemm3_abf16_wbf16_bf16_t128x256x64_split_k1_block_m_warp2_block_n_warp4_block_k_warp2_async_copyTrue_b_to_ldsTrue_b_preshuffleFalse_c_to_ldsFalse_gfx950,0.0049,787.75,1347.35
gfx950,256,740,1024,4096,False,torch.bfloat16,torch.bfloat16,False,False,torch,0,0,17.5607,native,0.0,353.49,909.2
gfx950,256,761,1,4096,False,torch.bfloat16,torch.bfloat16,False,False,torch,0,0,9.8476,native,0.0,0.63,634.05
gfx950,256,740,10240,4096,False,torch.bfloat16,torch.bfloat16,False,False,flydsl,2487,1,71.4625,flydsl_gemm3_abf16_wbf16_bf16_t256x128x64_split_k1_block_m_warp4_block_n_warp2_block_k_warp2_async_copyTrue_b_to_ldsTrue_b_preshuffleFalse_c_to_ldsFalse_gfx950,0.0049,868.65,1470.75
gfx950,256,761,4096,4096,False,torch.bfloat16,torch.bfloat16,False,False,flydsl,3513,1,40.1639,flydsl_gemm4_abf16_wbf16_bf16_t128x128x64_split_k1_block_m_warp4_block_n_warp2_block_k_warp2_async_copyTrue_b_to_ldsTrue_b_preshuffleFalse_c_to_ldsFalse_gfx950,0.0049,635.77,1145.87
gfx950,256,761,64,4096,False,torch.bfloat16,torch.bfloat16,False,False,flydsl,1563,4,7.3449,flydsl_gemm4_abf16_wbf16_bf16_t16x64x256_split_k4_block_m_warp1_block_n_warp1_block_k_warp2_async_copyTrue_b_to_ldsTrue_b_preshuffleFalse_c_to_ldsFalse_gfx950,0.0188,54.32,933.41
gfx950,256,761,1024,4096,False,torch.bfloat16,torch.bfloat16,False,False,torch,0,0,18.0457,native,0.0,353.75,896.68
gfx950,256,761,8704,4096,False,torch.bfloat16,torch.bfloat16,False,False,flydsl,2483,1,68.2845,flydsl_gemm3_abf16_wbf16_bf16_t256x128x64_split_k1_block_m_warp2_block_n_warp4_block_k_warp2_async_copyTrue_b_to_ldsTrue_b_preshuffleFalse_c_to_ldsFalse_gfx950,0.0049,794.64,1329.51
gfx950,256,761,10240,4096,False,torch.bfloat16,torch.bfloat16,False,False,flydsl,2487,1,70.8821,flydsl_gemm3_abf16_wbf16_bf16_t256x128x64_split_k1_block_m_warp4_block_n_warp2_block_k_warp2_async_copyTrue_b_to_ldsTrue_b_preshuffleFalse_c_to_ldsFalse_gfx950,0.0049,900.61,1491.29
gfx950,256,812,1,4096,False,torch.bfloat16,torch.bfloat16,False,False,torch,0,0,9.4514,native,0.0,0.7,704.84
gfx950,256,812,4096,4096,False,torch.bfloat16,torch.bfloat16,False,False,flydsl,3507,1,38.0344,flydsl_gemm4_abf16_wbf16_bf16_t128x128x64_split_k1_block_m_warp2_block_n_warp4_block_k_warp1_async_copyTrue_b_to_ldsTrue_b_preshuffleFalse_c_to_ldsFalse_gfx950,0.0,716.36,1232.0
gfx950,256,812,64,4096,False,torch.bfloat16,torch.bfloat16,False,False,flydsl,1563,4,7.4118,flydsl_gemm4_abf16_wbf16_bf16_t16x64x256_split_k4_block_m_warp1_block_n_warp1_block_k_warp2_async_copyTrue_b_to_ldsTrue_b_preshuffleFalse_c_to_ldsFalse_gfx950,0.0191,57.44,982.23
gfx950,256,812,1024,4096,False,torch.bfloat16,torch.bfloat16,False,False,flydsl,4888,1,18.2387,flydsl_gemm5_abf16_wbf16_bf16_t64x64x128_split_k1_block_m_warp2_block_n_warp2_block_k_warp2_async_copyTrue_b_to_ldsTrue_b_preshuffleFalse_c_to_ldsFalse_gfx950,0.005,373.47,915.83
gfx950,256,812,8704,4096,False,torch.bfloat16,torch.bfloat16,False,False,flydsl,2171,1,72.5809,flydsl_gemm3_abf16_wbf16_bf16_t128x256x64_split_k1_block_m_warp2_block_n_warp4_block_k_warp2_async_copyTrue_b_to_ldsTrue_b_preshuffleFalse_c_to_ldsFalse_gfx950,0.0049,797.71,1268.8
gfx950,256,822,1,4096,False,torch.bfloat16,torch.bfloat16,False,False,torch,0,0,9.4851,native,0.0,0.71,710.97
gfx950,256,812,10240,4096,False,torch.bfloat16,torch.bfloat16,False,False,torch,0,0,82.9314,native,0.0,821.35,1292.25
gfx950,256,822,4096,4096,False,torch.bfloat16,torch.bfloat16,False,False,flydsl,3507,1,39.5743,flydsl_gemm4_abf16_wbf16_bf16_t128x128x64_split_k1_block_m_warp2_block_n_warp4_block_k_warp1_async_copyTrue_b_to_ldsTrue_b_preshuffleFalse_c_to_ldsFalse_gfx950,0.0,696.96,1188.2
gfx950,256,822,64,4096,False,torch.bfloat16,torch.bfloat16,False,False,flydsl,1563,4,7.6023,flydsl_gemm4_abf16_wbf16_bf16_t16x64x256_split_k4_block_m_warp1_block_n_warp1_block_k_warp2_async_copyTrue_b_to_ldsTrue_b_preshuffleFalse_c_to_ldsFalse_gfx950,0.019,56.69,968.57
gfx950,256,822,1024,4096,False,torch.bfloat16,torch.bfloat16,False,False,flydsl,3156,1,18.3862,flydsl_gemm3_abf16_wbf16_bf16_t64x64x128_split_k1_block_m_warp2_block_n_warp2_block_k_warp2_async_copyTrue_b_to_ldsTrue_b_preshuffleFalse_c_to_ldsFalse_gfx950,0.005,375.03,914.05
gfx950,256,824,1,4096,False,torch.bfloat16,torch.bfloat16,False,False,torch,0,0,9.9247,native,0.0,0.68,681.13
gfx950,256,822,8704,4096,False,torch.bfloat16,torch.bfloat16,False,False,flydsl,105,1,74.8833,flydsl_gemm2_abf16_wbf16_bf16_t128x128x64_split_k1_block_m_warp2_block_n_warp2_block_k_warp2_async_copyTrue_b_to_ldsTrue_b_preshuffleFalse_c_to_ldsFalse_gfx950,0.0049,782.7,1233.2
gfx950,256,822,10240,4096,False,torch.bfloat16,torch.bfloat16,False,False,torch,0,0,83.1174,native,0.0,829.6,1292.8
gfx950,256,824,4096,4096,False,torch.bfloat16,torch.bfloat16,False,False,flydsl,3508,1,39.1698,flydsl_gemm4_abf16_wbf16_bf16_t128x128x64_split_k1_block_m_warp2_block_n_warp4_block_k_warp2_async_copyTrue_b_to_ldsTrue_b_preshuffleFalse_c_to_ldsFalse_gfx950,0.0049,705.87,1201.3
gfx950,256,824,64,4096,False,torch.bfloat16,torch.bfloat16,False,False,flydsl,1563,4,7.4871,flydsl_gemm4_abf16_wbf16_bf16_t16x64x256_split_k4_block_m_warp1_block_n_warp1_block_k_warp2_async_copyTrue_b_to_ldsTrue_b_preshuffleFalse_c_to_ldsFalse_gfx950,0.0192,57.7,985.69
gfx950,256,824,1024,4096,False,torch.bfloat16,torch.bfloat16,False,False,flydsl,3156,1,18.2706,flydsl_gemm3_abf16_wbf16_bf16_t64x64x128_split_k1_block_m_warp2_block_n_warp2_block_k_warp2_async_copyTrue_b_to_ldsTrue_b_preshuffleFalse_c_to_ldsFalse_gfx950,0.005,378.32,920.95
gfx950,256,848,1,4096,False,torch.bfloat16,torch.bfloat16,False,False,torch,0,0,9.5103,native,0.0,0.73,731.49
gfx950,256,824,8704,4096,False,torch.bfloat16,torch.bfloat16,False,False,flydsl,99,1,74.3145,flydsl_gemm2_abf16_wbf16_bf16_t128x128x64_split_k1_block_m_warp1_block_n_warp4_block_k_warp2_async_copyTrue_b_to_ldsTrue_b_preshuffleFalse_c_to_ldsFalse_gfx950,0.0049,790.61,1243.33
gfx950,256,824,10240,4096,False,torch.bfloat16,torch.bfloat16,False,False,torch,0,0,82.3885,native,0.0,838.98,1304.94
gfx950,256,848,4096,4096,False,torch.bfloat16,torch.bfloat16,False,False,flydsl,3514,1,41.6706,flydsl_gemm4_abf16_wbf16_bf16_t128x128x64_split_k1_block_m_warp4_block_n_warp4_block_k_warp1_async_copyTrue_b_to_ldsTrue_b_preshuffleFalse_c_to_ldsFalse_gfx950,0.0,682.84,1138.65
gfx950,256,848,64,4096,False,torch.bfloat16,torch.bfloat16,False,False,flydsl,1563,4,7.5065,flydsl_gemm4_abf16_wbf16_bf16_t16x64x256_split_k4_block_m_warp1_block_n_warp1_block_k_warp2_async_copyTrue_b_to_ldsTrue_b_preshuffleFalse_c_to_ldsFalse_gfx950,0.0199,59.23,1009.74
gfx950,256,848,1024,4096,False,torch.bfloat16,torch.bfloat16,False,False,flydsl,4888,1,18.0878,flydsl_gemm5_abf16_wbf16_bf16_t64x64x128_split_k1_block_m_warp2_block_n_warp2_block_k_warp2_async_copyTrue_b_to_ldsTrue_b_preshuffleFalse_c_to_ldsFalse_gfx950,0.005,393.28,943.85
gfx950,256,852,1,4096,False,torch.bfloat16,torch.bfloat16,False,False,torch,0,0,9.3291,native,0.0,0.75,749.21
gfx950,256,848,8704,4096,False,torch.bfloat16,torch.bfloat16,False,False,flydsl,2175,1,75.4633,flydsl_gemm3_abf16_wbf16_bf16_t128x256x64_split_k1_block_m_warp4_block_n_warp2_block_k_warp2_async_copyTrue_b_to_ldsTrue_b_preshuffleFalse_c_to_ldsFalse_gfx950,0.0049,801.25,1232.55
gfx950,256,848,10240,4096,False,torch.bfloat16,torch.bfloat16,False,False,torch,0,0,83.8661,native,0.0,848.2,1290.15
gfx950,256,852,4096,4096,False,torch.bfloat16,torch.bfloat16,False,False,flydsl,3508,1,40.0586,flydsl_gemm4_abf16_wbf16_bf16_t128x128x64_split_k1_block_m_warp2_block_n_warp4_block_k_warp2_async_copyTrue_b_to_ldsTrue_b_preshuffleFalse_c_to_ldsFalse_gfx950,0.0049,713.66,1186.1
gfx950,256,852,64,4096,False,torch.bfloat16,torch.bfloat16,False,False,flydsl,1563,4,7.4767,flydsl_gemm4_abf16_wbf16_bf16_t16x64x256_split_k4_block_m_warp1_block_n_warp1_block_k_warp2_async_copyTrue_b_to_ldsTrue_b_preshuffleFalse_c_to_ldsFalse_gfx950,0.0194,59.74,1018.22
gfx950,256,852,1024,4096,False,torch.bfloat16,torch.bfloat16,False,False,flydsl,4888,1,18.1282,flydsl_gemm5_abf16_wbf16_bf16_t64x64x128_split_k1_block_m_warp2_block_n_warp2_block_k_warp2_async_copyTrue_b_to_ldsTrue_b_preshuffleFalse_c_to_ldsFalse_gfx950,0.005,394.25,944.0
gfx950,256,863,1,4096,False,torch.bfloat16,torch.bfloat16,False,False,torch,0,0,10.0331,native,0.0,0.7,705.63
gfx950,256,852,8704,4096,False,torch.bfloat16,torch.bfloat16,False,False,flydsl,2171,1,74.6249,flydsl_gemm3_abf16_wbf16_bf16_t128x256x64_split_k1_block_m_warp2_block_n_warp4_block_k_warp2_async_copyTrue_b_to_ldsTrue_b_preshuffleFalse_c_to_ldsFalse_gfx950,0.0049,814.08,1247.77
gfx950,256,852,10240,4096,False,torch.bfloat16,torch.bfloat16,False,False,torch,0,0,84.2162,native,0.0,848.66,1286.15
gfx950,256,863,4096,4096,False,torch.bfloat16,torch.bfloat16,False,False,flydsl,3508,1,41.4194,flydsl_gemm4_abf16_wbf16_bf16_t128x128x64_split_k1_block_m_warp2_block_n_warp4_block_k_warp2_async_copyTrue_b_to_ldsTrue_b_preshuffleFalse_c_to_ldsFalse_gfx950,0.0049,699.13,1151.49
gfx950,256,863,64,4096,False,torch.bfloat16,torch.bfloat16,False,False,flydsl,2848,4,7.7803,flydsl_gemm8_abf16_wbf16_bf16_t16x64x64_split_k4_block_m_warp1_block_n_warp2_block_k_warp1_async_copyTrue_b_to_ldsTrue_b_preshuffleFalse_c_to_ldsFalse_gfx950,0.0115,58.15,990.25
gfx950,256,863,1024,4096,False,torch.bfloat16,torch.bfloat16,False,False,flydsl,4888,1,18.1853,flydsl_gemm5_abf16_wbf16_bf16_t64x64x128_split_k1_block_m_warp2_block_n_warp2_block_k_warp2_async_copyTrue_b_to_ldsTrue_b_preshuffleFalse_c_to_ldsFalse_gfx950,0.005,398.09,947.23
gfx950,256,905,1,4096,False,torch.bfloat16,torch.bfloat16,False,False,torch,0,0,10.1015,native,0.0,0.73,734.92
gfx950,256,863,8704,4096,False,torch.bfloat16,torch.bfloat16,False,False,flydsl,2171,1,74.9589,flydsl_gemm3_abf16_wbf16_bf16_t128x256x64_split_k1_block_m_warp2_block_n_warp4_block_k_warp2_async_copyTrue_b_to_ldsTrue_b_preshuffleFalse_c_to_ldsFalse_gfx950,0.0049,820.91,1245.96
gfx950,256,863,10240,4096,False,torch.bfloat16,torch.bfloat16,False,False,torch,0,0,82.0517,native,0.0,882.29,1323.92
gfx950,256,905,4096,4096,False,torch.bfloat16,torch.bfloat16,False,False,flydsl,3513,1,42.8414,flydsl_gemm4_abf16_wbf16_bf16_t128x128x64_split_k1_block_m_warp4_block_n_warp2_block_k_warp2_async_copyTrue_b_to_ldsTrue_b_preshuffleFalse_c_to_ldsFalse_gfx950,0.0049,708.82,1129.33
gfx950,256,905,64,4096,False,torch.bfloat16,torch.bfloat16,False,False,flydsl,1563,4,7.5331,flydsl_gemm4_abf16_wbf16_bf16_t16x64x256_split_k4_block_m_warp1_block_n_warp1_block_k_warp2_async_copyTrue_b_to_ldsTrue_b_preshuffleFalse_c_to_ldsFalse_gfx950,0.0191,62.99,1069.13
gfx950,256,905,1024,4096,False,torch.bfloat16,torch.bfloat16,False,False,flydsl,4888,1,18.3972,flydsl_gemm5_abf16_wbf16_bf16_t64x64x128_split_k1_block_m_warp2_block_n_warp2_block_k_warp2_async_copyTrue_b_to_ldsTrue_b_preshuffleFalse_c_to_ldsFalse_gfx950,0.005,412.65,959.7
gfx950,256,905,8704,4096,False,torch.bfloat16,torch.bfloat16,False,False,torch,0,0,74.6581,native,0.0,864.33,1265.38
gfx950,256,913,1,4096,False,torch.bfloat16,torch.bfloat16,False,False,torch,0,0,9.5943,native,0.0,0.78,780.6
gfx950,256,905,10240,4096,False,torch.bfloat16,torch.bfloat16,False,False,torch,0,0,78.9705,native,0.0,961.33,1390.83
gfx950,256,913,4096,4096,False,torch.bfloat16,torch.bfloat16,False,False,flydsl,3514,1,42.7702,flydsl_gemm4_abf16_wbf16_bf16_t128x128x64_split_k1_block_m_warp4_block_n_warp4_block_k_warp1_async_copyTrue_b_to_ldsTrue_b_preshuffleFalse_c_to_ldsFalse_gfx950,0.0,716.27,1134.27
gfx950,256,913,64,4096,False,torch.bfloat16,torch.bfloat16,False,False,flydsl,1552,4,7.6015,flydsl_gemm4_abf16_wbf16_bf16_t16x64x128_split_k4_block_m_warp1_block_n_warp2_block_k_warp1_async_copyTrue_b_to_ldsTrue_b_preshuffleFalse_c_to_ldsFalse_gfx950,0.0111,62.97,1068.27
gfx950,256,913,1024,4096,False,torch.bfloat16,torch.bfloat16,False,False,flydsl,4888,1,18.4601,flydsl_gemm5_abf16_wbf16_bf16_t64x64x128_split_k1_block_m_warp2_block_n_warp2_block_k_warp2_async_copyTrue_b_to_ldsTrue_b_preshuffleFalse_c_to_ldsFalse_gfx950,0.005,414.88,960.87
gfx950,256,929,1,4096,False,torch.bfloat16,torch.bfloat16,False,False,torch,0,0,9.5543,native,0.0,0.8,797.59
gfx950,256,913,8704,4096,False,torch.bfloat16,torch.bfloat16,False,False,torch,0,0,74.1149,native,0.0,878.36,1277.42
gfx950,256,913,10240,4096,False,torch.bfloat16,torch.bfloat16,False,False,torch,0,0,82.6441,native,0.0,926.72,1331.78
gfx950,256,929,4096,4096,False,torch.bfloat16,torch.bfloat16,False,False,flydsl,3505,1,41.761,flydsl_gemm4_abf16_wbf16_bf16_t128x128x64_split_k1_block_m_warp2_block_n_warp2_block_k_warp2_async_copyTrue_b_to_ldsTrue_b_preshuffleFalse_c_to_ldsFalse_gfx950,0.0049,746.44,1167.96
gfx950,256,929,64,4096,False,torch.bfloat16,torch.bfloat16,False,False,flydsl,2848,4,7.7632,flydsl_gemm8_abf16_wbf16_bf16_t16x64x64_split_k4_block_m_warp1_block_n_warp2_block_k_warp1_async_copyTrue_b_to_ldsTrue_b_preshuffleFalse_c_to_ldsFalse_gfx950,0.0119,62.74,1063.17
gfx950,256,929,1024,4096,False,torch.bfloat16,torch.bfloat16,False,False,flydsl,3157,1,18.748,flydsl_gemm3_abf16_wbf16_bf16_t64x64x128_split_k1_block_m_warp2_block_n_warp4_block_k_warp1_async_copyTrue_b_to_ldsTrue_b_preshuffleFalse_c_to_ldsFalse_gfx950,0.0,415.67,954.85
gfx950,256,951,1,4096,False,torch.bfloat16,torch.bfloat16,False,False,torch,0,0,9.5823,native,0.0,0.81,814.07
gfx950,256,929,8704,4096,False,torch.bfloat16,torch.bfloat16,False,False,torch,0,0,71.2353,native,0.0,929.89,1334.81
gfx950,256,929,10240,4096,False,torch.bfloat16,torch.bfloat16,False,False,torch,0,0,79.1161,native,0.0,985.01,1396.96
gfx950,256,951,4096,4096,False,torch.bfloat16,torch.bfloat16,False,False,flydsl,3507,1,42.4034,flydsl_gemm4_abf16_wbf16_bf16_t128x128x64_split_k1_block_m_warp2_block_n_warp4_block_k_warp1_async_copyTrue_b_to_ldsTrue_b_preshuffleFalse_c_to_ldsFalse_gfx950,0.0,752.54,1158.77
gfx950,256,951,64,4096,False,torch.bfloat16,torch.bfloat16,False,False,flydsl,2848,4,7.8286,flydsl_gemm8_abf16_wbf16_bf16_t16x64x64_split_k4_block_m_warp1_block_n_warp2_block_k_warp1_async_copyTrue_b_to_ldsTrue_b_preshuffleFalse_c_to_ldsFalse_gfx950,0.0115,63.69,1077.66
gfx950,256,951,1024,4096,False,torch.bfloat16,torch.bfloat16,False,False,flydsl,4888,1,18.6411,flydsl_gemm5_abf16_wbf16_bf16_t64x64x128_split_k1_block_m_warp2_block_n_warp2_block_k_warp2_async_copyTrue_b_to_ldsTrue_b_preshuffleFalse_c_to_ldsFalse_gfx950,0.005,427.96,972.41
gfx950,256,990,1,4096,False,torch.bfloat16,torch.bfloat16,False,False,torch,0,0,10.1775,native,0.0,0.8,797.86
gfx950,256,951,8704,4096,False,torch.bfloat16,torch.bfloat16,False,False,torch,0,0,72.4129,native,0.0,936.43,1320.88
gfx950,256,951,10240,4096,False,torch.bfloat16,torch.bfloat16,False,False,torch,0,0,81.848,native,0.0,974.68,1358.04
gfx950,256,990,4096,4096,False,torch.bfloat16,torch.bfloat16,False,False,flydsl,3508,1,42.1454,flydsl_gemm4_abf16_wbf16_bf16_t128x128x64_split_k1_block_m_warp2_block_n_warp4_block_k_warp2_async_copyTrue_b_to_ldsTrue_b_preshuffleFalse_c_to_ldsFalse_gfx950,0.0049,788.2,1181.02
gfx950,256,990,64,4096,False,torch.bfloat16,torch.bfloat16,False,False,flydsl,2848,4,7.9558,flydsl_gemm8_abf16_wbf16_bf16_t16x64x64_split_k4_block_m_warp1_block_n_warp2_block_k_warp1_async_copyTrue_b_to_ldsTrue_b_preshuffleFalse_c_to_ldsFalse_gfx950,0.0114,65.24,1101.22
gfx950,256,990,1024,4096,False,torch.bfloat16,torch.bfloat16,False,False,flydsl,3156,1,18.7531,flydsl_gemm3_abf16_wbf16_bf16_t64x64x128_split_k1_block_m_warp2_block_n_warp2_block_k_warp2_async_copyTrue_b_to_ldsTrue_b_preshuffleFalse_c_to_ldsFalse_gfx950,0.005,442.85,987.9
gfx950,256,996,1,4096,False,torch.bfloat16,torch.bfloat16,False,False,torch,0,0,10.1019,native,0.0,0.81,808.7
gfx950,256,990,8704,4096,False,torch.bfloat16,torch.bfloat16,False,False,torch,0,0,82.4774,native,0.0,855.87,1171.8
gfx950,256,990,10240,4096,False,torch.bfloat16,torch.bfloat16,False,False,torch,0,0,86.4874,native,0.0,960.22,1298.12
gfx950,256,996,4096,4096,False,torch.bfloat16,torch.bfloat16,False,False,flydsl,3508,1,43.9726,flydsl_gemm4_abf16_wbf16_bf16_t128x128x64_split_k1_block_m_warp2_block_n_warp4_block_k_warp2_async_copyTrue_b_to_ldsTrue_b_preshuffleFalse_c_to_ldsFalse_gfx950,0.0049,760.02,1134.18
gfx950,256,996,64,4096,False,torch.bfloat16,torch.bfloat16,False,False,flydsl,1563,4,8.0071,flydsl_gemm4_abf16_wbf16_bf16_t16x64x256_split_k4_block_m_warp1_block_n_warp1_block_k_warp2_async_copyTrue_b_to_ldsTrue_b_preshuffleFalse_c_to_ldsFalse_gfx950,0.0194,65.22,1100.4
gfx950,256,996,1024,4096,False,torch.bfloat16,torch.bfloat16,False,False,flydsl,4888,1,18.5116,flydsl_gemm5_abf16_wbf16_bf16_t64x64x128_split_k1_block_m_warp2_block_n_warp2_block_k_warp2_async_copyTrue_b_to_ldsTrue_b_preshuffleFalse_c_to_ldsFalse_gfx950,0.005,451.34,1004.11
gfx950,256,1099,1,4096,False,torch.bfloat16,torch.bfloat16,False,False,torch,0,0,10.4844,native,0.0,0.86,859.7
gfx950,256,996,8704,4096,False,torch.bfloat16,torch.bfloat16,False,False,torch,0,0,83.4918,native,0.0,850.6,1159.4
gfx950,256,996,10240,4096,False,torch.bfloat16,torch.bfloat16,False,False,asm,10,1,86.2014,_ZN5aiter24bf16gemm_bf16_tn_256x256E,0.0,969.25,1304.43
gfx950,256,1099,4096,512,False,torch.bfloat16,torch.bfloat16,False,False,flydsl,1681,1,11.3401,flydsl_gemm2_abf16_wbf16_bf16_t96x64x64_split_k1_block_m_warp2_block_n_warp2_block_k_warp1_async_copyTrue_b_to_ldsTrue_b_preshuffleFalse_c_to_ldsFalse_gfx950,0.0,406.48,1263.01
gfx950,256,1099,64,4096,False,torch.bfloat16,torch.bfloat16,False,False,flydsl,1671,4,8.2667,flydsl_gemm4_abf16_wbf16_bf16_t32x64x128_split_k4_block_m_warp1_block_n_warp4_block_k_warp1_async_copyTrue_b_to_ldsTrue_b_preshuffleFalse_c_to_ldsFalse_gfx950,0.0119,69.7,1169.51
gfx950,256,1099,1024,4096,False,torch.bfloat16,torch.bfloat16,False,False,torch,0,0,22.7676,native,0.0,404.92,862.73
gfx950,256,1099,4096,4096,False,torch.bfloat16,torch.bfloat16,False,False,torch,0,0,53.9795,native,0.0,683.15,955.19
gfx950,256,1101,1,4096,False,torch.bfloat16,torch.bfloat16,False,False,torch,0,0,10.2663,native,0.0,0.88,879.56
gfx950,256,1099,512,4096,False,torch.bfloat16,torch.bfloat16,False,False,torch,0,0,17.9192,native,0.0,257.24,799.29
gfx950,256,1099,8704,4096,False,torch.bfloat16,torch.bfloat16,False,False,torch,0,0,83.4056,native,0.0,939.53,1192.22
gfx950,256,1099,10240,4096,False,torch.bfloat16,torch.bfloat16,False,False,asm,10,1,92.3324,_ZN5aiter24bf16gemm_bf16_tn_256x256E,0.0,998.47,1249.8
gfx950,256,1101,4096,512,False,torch.bfloat16,torch.bfloat16,False,False,flydsl,1681,1,11.0769,flydsl_gemm2_abf16_wbf16_bf16_t96x64x64_split_k1_block_m_warp2_block_n_warp2_block_k_warp1_async_copyTrue_b_to_ldsTrue_b_preshuffleFalse_c_to_ldsFalse_gfx950,0.0,416.9,1294.69
gfx950,256,1101,64,4096,False,torch.bfloat16,torch.bfloat16,False,False,flydsl,2687,4,8.3526,flydsl_gemm7_abf16_wbf16_bf16_t32x64x64_split_k4_block_m_warp1_block_n_warp4_block_k_warp1_async_copyTrue_b_to_ldsTrue_b_preshuffleFalse_c_to_ldsFalse_gfx950,0.0117,69.11,1159.47
gfx950,256,1101,1024,4096,False,torch.bfloat16,torch.bfloat16,False,False,torch,0,0,22.6592,native,0.0,407.6,867.76
gfx950,256,1101,512,4096,False,torch.bfloat16,torch.bfloat16,False,False,torch,0,0,18.1605,native,0.0,254.28,789.69
gfx950,256,1101,4096,4096,False,torch.bfloat16,torch.bfloat16,False,False,torch,0,0,52.9235,native,0.0,698.05,974.86
gfx950,256,1152,1,4096,False,torch.bfloat16,torch.bfloat16,False,False,torch,0,0,10.3479,native,0.0,0.91,913.0
gfx950,256,1101,8704,4096,False,torch.bfloat16,torch.bfloat16,False,False,torch,0,0,78.6637,native,0.0,997.98,1264.74
gfx950,256,1101,10240,4096,False,torch.bfloat16,torch.bfloat16,False,False,torch,0,0,93.1968,native,0.0,991.01,1238.82
gfx950,256,1152,4096,512,False,torch.bfloat16,torch.bfloat16,False,False,flydsl,1681,1,11.0799,flydsl_gemm2_abf16_wbf16_bf16_t96x64x64_split_k1_block_m_warp2_block_n_warp2_block_k_warp1_async_copyTrue_b_to_ldsTrue_b_preshuffleFalse_c_to_ldsFalse_gfx950,0.0,436.09,1336.76
gfx950,256,1152,64,4096,False,torch.bfloat16,torch.bfloat16,False,False,flydsl,2091,4,8.3364,flydsl_gemm5_abf16_wbf16_bf16_t32x64x128_split_k4_block_m_warp1_block_n_warp4_block_k_warp1_async_copyTrue_b_to_ldsTrue_b_preshuffleFalse_c_to_ldsFalse_gfx950,0.0116,72.45,1212.63
gfx950,256,1152,1024,4096,False,torch.bfloat16,torch.bfloat16,False,False,torch,0,0,23.054,native,0.0,419.18,875.56
gfx950,256,1152,512,4096,False,torch.bfloat16,torch.bfloat16,False,False,torch,0,0,17.6097,native,0.0,274.39,841.08
gfx950,256,1160,1,4096,False,torch.bfloat16,torch.bfloat16,False,False,torch,0,0,10.9842,native,0.0,0.87,866.08
gfx950,256,1152,4096,4096,False,torch.bfloat16,torch.bfloat16,False,False,torch,0,0,49.9143,native,0.0,774.42,1050.38
gfx950,256,1152,8704,4096,False,torch.bfloat16,torch.bfloat16,False,False,torch,0,0,80.5725,native,0.0,1019.47,1250.98
gfx950,256,1152,10240,4096,False,torch.bfloat16,torch.bfloat16,False,False,opus,6400,0,89.3098,opus_gemm_mono_tile_512x192x256x64_2x4_16x16x32_0x0x0_nooob_4g_safe,0.0,1082.04,1309.11
gfx950,256,1160,4096,512,False,torch.bfloat16,torch.bfloat16,False,False,flydsl,1568,1,11.7004,flydsl_gemm2_abf16_wbf16_bf16_t96x128x64_split_k1_block_m_warp2_block_n_warp2_block_k_warp1_async_copyTrue_b_to_ldsTrue_b_preshuffleFalse_c_to_ldsFalse_gfx950,0.0,415.83,1272.17
gfx950,256,1160,64,4096,False,torch.bfloat16,torch.bfloat16,False,False,flydsl,2463,4,8.2699,flydsl_gemm6_abf16_wbf16_bf16_t32x64x128_split_k4_block_m_warp1_block_n_warp4_block_k_warp1_async_copyTrue_b_to_ldsTrue_b_preshuffleFalse_c_to_ldsFalse_gfx950,0.0119,73.54,1230.42
gfx950,256,1160,1024,4096,False,torch.bfloat16,torch.bfloat16,False,False,torch,0,0,23.1348,native,0.0,420.61,876.04
gfx950,256,1160,4096,4096,False,torch.bfloat16,torch.bfloat16,False,False,torch,0,0,52.5047,native,0.0,741.33,1001.05
gfx950,256,1160,512,4096,False,torch.bfloat16,torch.bfloat16,False,False,torch,0,0,17.0049,native,0.0,286.12,875.33
gfx950,256,1203,1,4096,False,torch.bfloat16,torch.bfloat16,False,False,torch,0,0,11.1908,native,0.0,0.88,881.58
gfx950,256,1160,8704,4096,False,torch.bfloat16,torch.bfloat16,False,False,asm,10,1,89.5866,_ZN5aiter24bf16gemm_bf16_tn_256x256E,0.0,923.26,1127.39
gfx950,256,1160,10240,4096,False,torch.bfloat16,torch.bfloat16,False,False,asm,10,1,94.5699,_ZN5aiter24bf16gemm_bf16_tn_256x256E,0.0,1028.95,1238.72
gfx950,256,1203,4096,512,False,torch.bfloat16,torch.bfloat16,False,False,flydsl,2813,1,11.2399,flydsl_gemm3_abf16_wbf16_bf16_t80x128x64_split_k1_block_m_warp1_block_n_warp2_block_k_warp1_async_copyTrue_b_to_ldsTrue_b_preshuffleFalse_c_to_ldsFalse_gfx950,0.0,448.91,1359.55
gfx950,256,1203,64,4096,False,torch.bfloat16,torch.bfloat16,False,False,flydsl,1671,4,8.1957,flydsl_gemm4_abf16_wbf16_bf16_t32x64x128_split_k4_block_m_warp1_block_n_warp4_block_k_warp1_async_copyTrue_b_to_ldsTrue_b_preshuffleFalse_c_to_ldsFalse_gfx950,0.0115,76.96,1285.22
gfx950,256,1203,1024,4096,False,torch.bfloat16,torch.bfloat16,False,False,torch,0,0,23.4376,native,0.0,430.57,883.51
gfx950,256,1203,512,4096,False,torch.bfloat16,torch.bfloat16,False,False,torch,0,0,17.2516,native,0.0,292.48,885.78
gfx950,256,1203,4096,4096,False,torch.bfloat16,torch.bfloat16,False,False,torch,0,0,54.3971,native,0.0,742.06,979.18
gfx950,256,1235,1,4096,False,torch.bfloat16,torch.bfloat16,False,False,torch,0,0,11.2117,native,0.0,0.9,903.32
gfx950,256,1203,8704,4096,False,torch.bfloat16,torch.bfloat16,False,False,asm,10,1,88.3866,_ZN5aiter24bf16gemm_bf16_tn_256x256E,0.0,970.48,1155.15
gfx950,256,1203,10240,4096,False,torch.bfloat16,torch.bfloat16,False,False,asm,10,1,96.9059,_ZN5aiter24bf16gemm_bf16_tn_256x256E,0.0,1041.37,1221.58
gfx950,256,1235,4096,512,False,torch.bfloat16,torch.bfloat16,False,False,flydsl,1568,1,11.82,flydsl_gemm2_abf16_wbf16_bf16_t96x128x64_split_k1_block_m_warp2_block_n_warp2_block_k_warp1_async_copyTrue_b_to_ldsTrue_b_preshuffleFalse_c_to_ldsFalse_gfx950,0.0,438.24,1317.77
gfx950,256,1235,64,4096,False,torch.bfloat16,torch.bfloat16,False,False,flydsl,1674,4,8.1953,flydsl_gemm4_abf16_wbf16_bf16_t32x64x128_split_k4_block_m_warp2_block_n_warp2_block_k_warp1_async_copyTrue_b_to_ldsTrue_b_preshuffleFalse_c_to_ldsFalse_gfx950,0.0116,79.01,1317.77
gfx950,256,1235,1024,4096,False,torch.bfloat16,torch.bfloat16,False,False,torch,0,0,23.7268,native,0.0,436.63,886.55
gfx950,256,1235,512,4096,False,torch.bfloat16,torch.bfloat16,False,False,torch,0,0,17.534,native,0.0,295.42,888.33
gfx950,256,1235,4096,4096,False,torch.bfloat16,torch.bfloat16,False,False,torch,0,0,55.1254,native,0.0,751.74,975.75
gfx950,256,1260,1,4096,False,torch.bfloat16,torch.bfloat16,False,False,torch,0,0,11.1401,native,0.0,0.93,927.52
gfx950,256,1235,8704,4096,False,torch.bfloat16,torch.bfloat16,False,False,asm,10,1,89.1222,_ZN5aiter24bf16gemm_bf16_tn_256x256E,0.0,988.07,1154.81
gfx950,256,1235,10240,4096,False,torch.bfloat16,torch.bfloat16,False,False,asm,10,1,94.4086,_ZN5aiter24bf16gemm_bf16_tn_256x256E,0.0,1097.35,1263.61
gfx950,256,1260,4096,512,False,torch.bfloat16,torch.bfloat16,False,False,flydsl,1568,1,11.3104,flydsl_gemm2_abf16_wbf16_bf16_t96x128x64_split_k1_block_m_warp2_block_n_warp2_block_k_warp1_async_copyTrue_b_to_ldsTrue_b_preshuffleFalse_c_to_ldsFalse_gfx950,0.0,467.25,1397.52
gfx950,256,1260,64,4096,False,torch.bfloat16,torch.bfloat16,False,False,flydsl,1171,4,9.0611,flydsl_gemm3_abf16_wbf16_bf16_t32x64x256_split_k4_block_m_warp1_block_n_warp4_block_k_warp1_async_copyTrue_b_to_ldsTrue_b_preshuffleFalse_c_to_ldsFalse_gfx950,0.0114,72.91,1214.81
gfx950,256,1260,1024,4096,False,torch.bfloat16,torch.bfloat16,False,False,torch,0,0,23.562,native,0.0,448.59,903.62
gfx950,256,1260,4096,4096,False,torch.bfloat16,torch.bfloat16,False,False,torch,0,0,54.1422,native,0.0,780.88,1001.04
gfx950,256,1260,512,4096,False,torch.bfloat16,torch.bfloat16,False,False,torch,0,0,17.0436,native,0.0,310.08,927.41
gfx950,256,1316,1,4096,False,torch.bfloat16,torch.bfloat16,False,False,torch,0,0,10.5149,native,0.0,1.03,1026.31
gfx950,256,1260,8704,4096,False,torch.bfloat16,torch.bfloat16,False,False,asm,10,1,92.894,_ZN5aiter24bf16gemm_bf16_tn_256x256E,0.0,967.15,1114.81
gfx950,256,1260,10240,4096,False,torch.bfloat16,torch.bfloat16,False,False,asm,10,1,94.7933,_ZN5aiter24bf16gemm_bf16_tn_256x256E,0.0,1115.02,1266.05
gfx950,256,1316,4096,512,False,torch.bfloat16,torch.bfloat16,False,False,flydsl,1568,1,11.4105,flydsl_gemm2_abf16_wbf16_bf16_t96x128x64_split_k1_block_m_warp2_block_n_warp2_block_k_warp1_async_copyTrue_b_to_ldsTrue_b_preshuffleFalse_c_to_ldsFalse_gfx950,0.0,483.74,1430.49
gfx950,256,1316,64,4096,False,torch.bfloat16,torch.bfloat16,False,False,flydsl,1671,4,8.4836,flydsl_gemm4_abf16_wbf16_bf16_t32x64x128_split_k4_block_m_warp1_block_n_warp4_block_k_warp1_async_copyTrue_b_to_ldsTrue_b_preshuffleFalse_c_to_ldsFalse_gfx950,0.0115,81.33,1352.42
gfx950,256,1316,1024,4096,False,torch.bfloat16,torch.bfloat16,False,False,flydsl,4404,1,24.1306,flydsl_gemm4_abf16_wbf16_bf16_t96x64x128_split_k1_block_m_warp2_block_n_warp2_block_k_warp1_async_copyTrue_b_to_ldsTrue_b_preshuffleFalse_c_to_ldsFalse_gfx950,0.0,457.49,906.09
gfx950,256,1316,512,4096,False,torch.bfloat16,torch.bfloat16,False,False,torch,0,0,17.7369,native,0.0,311.2,920.26
gfx950,256,1316,4096,4096,False,torch.bfloat16,torch.bfloat16,False,False,torch,0,0,59.4567,native,0.0,742.69,926.99
gfx950,256,1384,1,4096,False,torch.bfloat16,torch.bfloat16,False,False,torch,0,0,10.6058,native,0.0,1.07,1070.05
gfx950,256,1316,8704,4096,False,torch.bfloat16,torch.bfloat16,False,False,torch,0,0,90.3922,native,0.0,1038.09,1161.52
gfx950,256,1316,10240,4096,False,torch.bfloat16,torch.bfloat16,False,False,asm,10,1,102.5062,_ZN5aiter24bf16gemm_bf16_tn_256x256E,0.0,1076.95,1186.45
gfx950,256,1384,4096,512,False,torch.bfloat16,torch.bfloat16,False,False,flydsl,1565,1,12.1179,flydsl_gemm2_abf16_wbf16_bf16_t96x128x64_split_k1_block_m_warp1_block_n_warp4_block_k_warp1_async_copyTrue_b_to_ldsTrue_b_preshuffleFalse_c_to_ldsFalse_gfx950,0.0,479.04,1398.7
gfx950,256,1384,64,4096,False,torch.bfloat16,torch.bfloat16,False,False,flydsl,1671,4,8.4335,flydsl_gemm4_abf16_wbf16_bf16_t32x64x128_split_k4_block_m_warp1_block_n_warp4_block_k_warp1_async_copyTrue_b_to_ldsTrue_b_preshuffleFalse_c_to_ldsFalse_gfx950,0.0118,86.04,1427.54
gfx950,256,1384,1024,4096,False,torch.bfloat16,torch.bfloat16,False,False,flydsl,4440,1,24.2032,flydsl_gemm4_abf16_wbf16_bf16_t96x64x64_split_k1_block_m_warp2_block_n_warp2_block_k_warp1_async_copyTrue_b_to_ldsTrue_b_preshuffleFalse_c_to_ldsFalse_gfx950,0.0,479.68,932.14
gfx950,256,1384,512,4096,False,torch.bfloat16,torch.bfloat16,False,False,torch,0,0,17.6186,native,0.0,329.48,962.01
gfx950,256,1384,4096,4096,False,torch.bfloat16,torch.bfloat16,False,False,torch,0,0,63.446,native,0.0,731.95,886.26
gfx950,256,1396,1,4096,False,torch.bfloat16,torch.bfloat16,False,False,torch,0,0,10.537,native,0.0,1.09,1086.36
gfx950,256,1384,8704,4096,False,torch.bfloat16,torch.bfloat16,False,False,asm,10,1,93.5055,_ZN5aiter24bf16gemm_bf16_tn_256x256E,0.0,1055.38,1141.47
gfx950,256,1384,10240,4096,False,torch.bfloat16,torch.bfloat16,False,False,asm,10,1,103.7527,_ZN5aiter24bf16gemm_bf16_tn_256x256E,0.0,1118.99,1190.99
gfx950,256,1396,4096,512,False,torch.bfloat16,torch.bfloat16,False,False,flydsl,1565,1,11.635,flydsl_gemm2_abf16_wbf16_bf16_t96x128x64_split_k1_block_m_warp1_block_n_warp4_block_k_warp1_async_copyTrue_b_to_ldsTrue_b_preshuffleFalse_c_to_ldsFalse_gfx950,0.0,503.24,1466.25
gfx950,256,1396,64,4096,False,torch.bfloat16,torch.bfloat16,False,False,flydsl,1674,4,8.5723,flydsl_gemm4_abf16_wbf16_bf16_t32x64x128_split_k4_block_m_warp2_block_n_warp2_block_k_warp1_async_copyTrue_b_to_ldsTrue_b_preshuffleFalse_c_to_ldsFalse_gfx950,0.0118,85.38,1416.07
gfx950,256,1396,1024,4096,False,torch.bfloat16,torch.bfloat16,False,False,flydsl,4440,1,24.6392,flydsl_gemm4_abf16_wbf16_bf16_t96x64x64_split_k1_block_m_warp2_block_n_warp2_block_k_warp1_async_copyTrue_b_to_ldsTrue_b_preshuffleFalse_c_to_ldsFalse_gfx950,0.0,475.28,920.63
gfx950,256,1396,512,4096,False,torch.bfloat16,torch.bfloat16,False,False,torch,0,0,17.1143,native,0.0,342.13,996.82
gfx950,256,1396,4096,4096,False,torch.bfloat16,torch.bfloat16,False,False,torch,0,0,63.446,native,0.0,738.3,889.36
gfx950,256,1501,1,4096,False,torch.bfloat16,torch.bfloat16,False,False,torch,0,0,10.7054,native,0.0,1.15,1149.64
gfx950,256,1396,8704,4096,False,torch.bfloat16,torch.bfloat16,False,False,asm,10,1,96.6102,_ZN5aiter24bf16gemm_bf16_tn_256x256E,0.0,1030.32,1107.97
gfx950,256,1396,10240,4096,False,torch.bfloat16,torch.bfloat16,False,False,asm,10,1,101.8503,_ZN5aiter24bf16gemm_bf16_tn_256x256E,0.0,1149.78,1216.61
gfx950,256,1501,64,4096,False,torch.bfloat16,torch.bfloat16,False,False,flydsl,1671,4,9.2244,flydsl_gemm4_abf16_wbf16_bf16_t32x64x128_split_k4_block_m_warp1_block_n_warp4_block_k_warp1_async_copyTrue_b_to_ldsTrue_b_preshuffleFalse_c_to_ldsFalse_gfx950,0.0113,85.31,1410.67
gfx950,256,1501,4096,512,False,torch.bfloat16,torch.bfloat16,False,False,flydsl,1568,1,11.9979,flydsl_gemm2_abf16_wbf16_bf16_t96x128x64_split_k1_block_m_warp2_block_n_warp2_block_k_warp1_async_copyTrue_b_to_ldsTrue_b_preshuffleFalse_c_to_ldsFalse_gfx950,0.0,524.73,1502.56
gfx950,256,1501,1024,4096,False,torch.bfloat16,torch.bfloat16,False,False,flydsl,4400,1,25.2984,flydsl_gemm4_abf16_wbf16_bf16_t96x64x128_split_k1_block_m_warp1_block_n_warp2_block_k_warp2_async_copyTrue_b_to_ldsTrue_b_preshuffleFalse_c_to_ldsFalse_gfx950,0.005,497.71,939.14
gfx950,256,1501,512,4096,False,torch.bfloat16,torch.bfloat16,False,False,torch,0,0,17.567,native,0.0,358.38,1026.22
gfx950,256,1501,4096,4096,False,torch.bfloat16,torch.bfloat16,False,False,torch,0,0,62.1136,native,0.0,810.86,936.14
gfx950,256,1522,1,4096,False,torch.bfloat16,torch.bfloat16,False,False,torch,0,0,10.6695,native,0.0,1.17,1169.64
gfx950,256,1501,8704,4096,False,torch.bfloat16,torch.bfloat16,False,False,asm,10,1,95.961,_ZN5aiter24bf16gemm_bf16_tn_256x256E,0.0,1115.31,1143.47
gfx950,256,1501,10240,4096,False,torch.bfloat16,torch.bfloat16,False,False,asm,10,1,106.0323,_ZN5aiter24bf16gemm_bf16_tn_256x256E,0.0,1187.5,1197.02
gfx950,256,1522,4096,512,False,torch.bfloat16,torch.bfloat16,False,False,flydsl,1565,1,12.0499,flydsl_gemm2_abf16_wbf16_bf16_t96x128x64_split_k1_block_m_warp1_block_n_warp4_block_k_warp1_async_copyTrue_b_to_ldsTrue_b_preshuffleFalse_c_to_ldsFalse_gfx950,0.0,529.77,1512.13
gfx950,256,1522,64,4096,False,torch.bfloat16,torch.bfloat16,False,False,flydsl,1674,4,9.642,flydsl_gemm4_abf16_wbf16_bf16_t32x64x128_split_k4_block_m_warp2_block_n_warp2_block_k_warp1_async_copyTrue_b_to_ldsTrue_b_preshuffleFalse_c_to_ldsFalse_gfx950,0.0116,82.76,1367.7
gfx950,256,1522,1024,4096,False,torch.bfloat16,torch.bfloat16,False,False,flydsl,4440,1,25.0792,flydsl_gemm4_abf16_wbf16_bf16_t96x64x64_split_k1_block_m_warp2_block_n_warp2_block_k_warp1_async_copyTrue_b_to_ldsTrue_b_preshuffleFalse_c_to_ldsFalse_gfx950,0.0,509.09,955.93
gfx950,256,1522,512,4096,False,torch.bfloat16,torch.bfloat16,False,False,torch,0,0,18.2,native,0.0,350.75,1001.16
gfx950,256,1522,4096,4096,False,torch.bfloat16,torch.bfloat16,False,False,torch,0,0,64.598,native,0.0,790.58,905.46
gfx950,256,1531,1,4096,False,torch.bfloat16,torch.bfloat16,False,False,torch,0,0,10.7135,native,0.0,1.17,1171.72
gfx950,256,1522,8704,4096,False,torch.bfloat16,torch.bfloat16,False,False,asm,10,1,98.1703,_ZN5aiter24bf16gemm_bf16_tn_256x256E,0.0,1105.46,1123.22
gfx950,256,1522,10240,4096,False,torch.bfloat16,torch.bfloat16,False,False,torch,0,0,104.2692,native,0.0,1224.47,1223.03
gfx950,256,1531,4096,512,False,torch.bfloat16,torch.bfloat16,False,False,flydsl,1565,1,12.1579,flydsl_gemm2_abf16_wbf16_bf16_t96x128x64_split_k1_block_m_warp1_block_n_warp4_block_k_warp1_async_copyTrue_b_to_ldsTrue_b_preshuffleFalse_c_to_ldsFalse_gfx950,0.0,528.17,1505.52
gfx950,256,1531,64,4096,False,torch.bfloat16,torch.bfloat16,False,False,flydsl,1794,4,10.1237,flydsl_gemm4_abf16_wbf16_bf16_t64x64x128_split_k4_block_m_warp4_block_n_warp2_block_k_warp1_async_copyTrue_b_to_ldsTrue_b_preshuffleFalse_c_to_ldsFalse_gfx950,0.0114,79.29,1310.02
gfx950,256,1531,1024,4096,False,torch.bfloat16,torch.bfloat16,False,False,flydsl,4440,1,24.9656,flydsl_gemm4_abf16_wbf16_bf16_t96x64x64_split_k1_block_m_warp2_block_n_warp2_block_k_warp1_async_copyTrue_b_to_ldsTrue_b_preshuffleFalse_c_to_ldsFalse_gfx950,0.0,514.43,963.97
gfx950,256,1531,512,4096,False,torch.bfloat16,torch.bfloat16,False,False,torch,0,0,18.6056,native,0.0,345.14,983.79
gfx950,256,1546,1,4096,False,torch.bfloat16,torch.bfloat16,False,False,torch,0,0,10.6872,native,0.0,1.19,1186.1
gfx950,256,1531,4096,4096,False,torch.bfloat16,torch.bfloat16,False,False,torch,0,0,64.5448,native,0.0,795.91,908.49
gfx950,256,1531,8704,4096,False,torch.bfloat16,torch.bfloat16,False,False,asm,10,1,97.6642,_ZN5aiter24bf16gemm_bf16_tn_256x256E,0.0,1117.76,1131.39
gfx950,256,1531,10240,4096,False,torch.bfloat16,torch.bfloat16,False,False,asm,10,1,102.2197,_ZN5aiter24bf16gemm_bf16_tn_256x256E,0.0,1256.41,1250.08
gfx950,256,1546,4096,512,False,torch.bfloat16,torch.bfloat16,False,False,flydsl,91,1,12.2736,flydsl_gemm2_abf16_wbf16_bf16_t128x128x64_split_k1_block_m_warp4_block_n_warp4_block_k_warp1_async_copyTrue_b_to_ldsTrue_b_preshuffleFalse_c_to_ldsFalse_gfx950,0.0,528.32,1502.59
gfx950,256,1546,64,4096,False,torch.bfloat16,torch.bfloat16,False,False,flydsl,1673,4,8.783,flydsl_gemm4_abf16_wbf16_bf16_t32x64x128_split_k4_block_m_warp2_block_n_warp1_block_k_warp2_async_copyTrue_b_to_ldsTrue_b_preshuffleFalse_c_to_ldsFalse_gfx950,0.0196,92.29,1524.2
gfx950,256,1546,1024,4096,False,torch.bfloat16,torch.bfloat16,False,False,flydsl,2932,1,27.5653,flydsl_gemm3_abf16_wbf16_bf16_t64x128x128_split_k1_block_m_warp2_block_n_warp4_block_k_warp2_async_copyTrue_b_to_ldsTrue_b_preshuffleFalse_c_to_ldsFalse_gfx950,0.0048,470.48,878.63
gfx950,256,1546,512,4096,False,torch.bfloat16,torch.bfloat16,False,False,torch,0,0,18.9373,native,0.0,342.41,973.86
gfx950,256,1603,1,4096,False,torch.bfloat16,torch.bfloat16,False,False,torch,0,0,10.7976,native,0.0,1.22,1217.23
gfx950,256,1546,4096,4096,False,torch.bfloat16,torch.bfloat16,False,False,flydsl,2175,1,66.634,flydsl_gemm3_abf16_wbf16_bf16_t128x256x64_split_k1_block_m_warp4_block_n_warp2_block_k_warp2_async_copyTrue_b_to_ldsTrue_b_preshuffleFalse_c_to_ldsFalse_gfx950,0.0049,778.51,883.69
gfx950,256,1546,8704,4096,False,torch.bfloat16,torch.bfloat16,False,False,asm,10,1,100.0255,_ZN5aiter24bf16gemm_bf16_tn_256x256E,0.0,1102.07,1108.53
gfx950,256,1546,10240,4096,False,torch.bfloat16,torch.bfloat16,False,False,torch,0,0,125.0987,native,0.0,1036.68,1024.89
gfx950,256,1603,4096,512,False,torch.bfloat16,torch.bfloat16,False,False,flydsl,91,1,12.7401,flydsl_gemm2_abf16_wbf16_bf16_t128x128x64_split_k1_block_m_warp4_block_n_warp4_block_k_warp1_async_copyTrue_b_to_ldsTrue_b_preshuffleFalse_c_to_ldsFalse_gfx950,0.0,527.74,1488.81
gfx950,256,1603,64,4096,False,torch.bfloat16,torch.bfloat16,False,False,flydsl,1674,4,8.9474,flydsl_gemm4_abf16_wbf16_bf16_t32x64x128_split_k4_block_m_warp2_block_n_warp2_block_k_warp1_async_copyTrue_b_to_ldsTrue_b_preshuffleFalse_c_to_ldsFalse_gfx950,0.0121,93.93,1549.19
gfx950,256,1603,1024,4096,False,torch.bfloat16,torch.bfloat16,False,False,flydsl,3597,1,27.3171,flydsl_gemm4_abf16_wbf16_bf16_t128x64x64_split_k1_block_m_warp2_block_n_warp4_block_k_warp1_async_copyTrue_b_to_ldsTrue_b_preshuffleFalse_c_to_ldsFalse_gfx950,0.0,492.25,907.98
gfx950,256,1603,512,4096,False,torch.bfloat16,torch.bfloat16,False,False,torch,0,0,19.3408,native,0.0,347.63,980.7
gfx950,256,1637,1,4096,False,torch.bfloat16,torch.bfloat16,False,False,torch,0,0,11.4295,native,0.0,1.17,1174.31
gfx950,256,1603,4096,4096,False,torch.bfloat16,torch.bfloat16,False,False,flydsl,2487,1,65.8242,flydsl_gemm3_abf16_wbf16_bf16_t256x128x64_split_k1_block_m_warp4_block_n_warp2_block_k_warp2_async_copyTrue_b_to_ldsTrue_b_preshuffleFalse_c_to_ldsFalse_gfx950,0.0049,817.14,908.75
gfx950,256,1603,8704,4096,False,torch.bfloat16,torch.bfloat16,False,False,asm,10,1,99.6191,_ZN5aiter24bf16gemm_bf16_tn_256x256E,0.0,1147.36,1127.7
gfx950,256,1603,10240,4096,False,torch.bfloat16,torch.bfloat16,False,False,torch,0,0,137.4342,native,0.0,978.43,944.8
gfx950,256,1637,64,4096,False,torch.bfloat16,torch.bfloat16,False,False,flydsl,1670,4,8.9703,flydsl_gemm4_abf16_wbf16_bf16_t32x64x128_split_k4_block_m_warp1_block_n_warp2_block_k_warp2_async_copyTrue_b_to_ldsTrue_b_preshuffleFalse_c_to_ldsFalse_gfx950,0.0191,95.68,1576.77
gfx950,256,1637,4096,512,False,torch.bfloat16,torch.bfloat16,False,False,flydsl,89,1,12.7045,flydsl_gemm2_abf16_wbf16_bf16_t128x128x64_split_k1_block_m_warp4_block_n_warp2_block_k_warp1_async_copyTrue_b_to_ldsTrue_b_preshuffleFalse_c_to_ldsFalse_gfx950,0.0,540.44,1517.64
gfx950,256,1637,1024,4096,False,torch.bfloat16,torch.bfloat16,False,False,flydsl,2249,1,27.491,flydsl_gemm3_abf16_wbf16_bf16_t128x64x128_split_k1_block_m_warp4_block_n_warp2_block_k_warp2_async_copyTrue_b_to_ldsTrue_b_preshuffleFalse_c_to_ldsFalse_gfx950,0.0048,499.51,914.9
gfx950,256,1637,512,4096,False,torch.bfloat16,torch.bfloat16,False,False,torch,0,0,19.5269,native,0.0,351.62,987.4
gfx950,256,1638,1,4096,False,torch.bfloat16,torch.bfloat16,False,False,torch,0,0,11.4137,native,0.0,1.18,1176.65
gfx950,256,1637,4096,4096,False,torch.bfloat16,torch.bfloat16,False,False,flydsl,2175,1,67.1664,flydsl_gemm3_abf16_wbf16_bf16_t128x256x64_split_k1_block_m_warp4_block_n_warp2_block_k_warp2_async_copyTrue_b_to_ldsTrue_b_preshuffleFalse_c_to_ldsFalse_gfx950,0.0049,817.8,898.89
gfx950,256,1637,8704,4096,False,torch.bfloat16,torch.bfloat16,False,False,asm,10,1,100.5799,_ZN5aiter24bf16gemm_bf16_tn_256x256E,0.0,1160.5,1125.58
gfx950,256,1637,10240,4096,False,torch.bfloat16,torch.bfloat16,False,False,torch,0,0,136.4079,native,0.0,1006.7,959.05
gfx950,256,1638,64,4096,False,torch.bfloat16,torch.bfloat16,False,False,flydsl,1674,4,9.3085,flydsl_gemm4_abf16_wbf16_bf16_t32x64x128_split_k4_block_m_warp2_block_n_warp2_block_k_warp1_async_copyTrue_b_to_ldsTrue_b_preshuffleFalse_c_to_ldsFalse_gfx950,0.0123,92.26,1520.38
gfx950,256,1638,4096,512,False,torch.bfloat16,torch.bfloat16,False,False,flydsl,91,1,12.6703,flydsl_gemm2_abf16_wbf16_bf16_t128x128x64_split_k1_block_m_warp4_block_n_warp4_block_k_warp1_async_copyTrue_b_to_ldsTrue_b_preshuffleFalse_c_to_ldsFalse_gfx950,0.0,542.23,1522.47
gfx950,256,1638,1024,4096,False,torch.bfloat16,torch.bfloat16,False,False,flydsl,2249,1,27.6813,flydsl_gemm3_abf16_wbf16_bf16_t128x64x128_split_k1_block_m_warp4_block_n_warp2_block_k_warp2_async_copyTrue_b_to_ldsTrue_b_preshuffleFalse_c_to_ldsFalse_gfx950,0.0048,496.38,908.98
gfx950,256,1638,512,4096,False,torch.bfloat16,torch.bfloat16,False,False,flydsl,4888,1,19.7363,flydsl_gemm5_abf16_wbf16_bf16_t64x64x128_split_k1_block_m_warp2_block_n_warp2_block_k_warp2_async_copyTrue_b_to_ldsTrue_b_preshuffleFalse_c_to_ldsFalse_gfx950,0.0049,348.1,977.39
gfx950,256,1678,1,4096,False,torch.bfloat16,torch.bfloat16,False,False,torch,0,0,11.2506,native,0.0,1.22,1222.84
gfx950,256,1638,4096,4096,False,torch.bfloat16,torch.bfloat16,False,False,flydsl,2171,1,69.1133,flydsl_gemm3_abf16_wbf16_bf16_t128x256x64_split_k1_block_m_warp2_block_n_warp4_block_k_warp2_async_copyTrue_b_to_ldsTrue_b_preshuffleFalse_c_to_ldsFalse_gfx950,0.0049,795.25,873.8
gfx950,256,1638,8704,4096,False,torch.bfloat16,torch.bfloat16,False,False,asm,10,1,102.6372,_ZN5aiter24bf16gemm_bf16_tn_256x256E,0.0,1137.94,1103.26
gfx950,256,1638,10240,4096,False,torch.bfloat16,torch.bfloat16,False,False,torch,0,0,136.2433,native,0.0,1008.53,960.42
gfx950,256,1678,64,4096,False,torch.bfloat16,torch.bfloat16,False,False,flydsl,1674,4,9.4408,flydsl_gemm4_abf16_wbf16_bf16_t32x64x128_split_k4_block_m_warp2_block_n_warp2_block_k_warp1_async_copyTrue_b_to_ldsTrue_b_preshuffleFalse_c_to_ldsFalse_gfx950,0.0123,93.19,1534.32
gfx950,256,1678,4096,512,False,torch.bfloat16,torch.bfloat16,False,False,flydsl,89,1,12.9423,flydsl_gemm2_abf16_wbf16_bf16_t128x128x64_split_k1_block_m_warp4_block_n_warp2_block_k_warp1_async_copyTrue_b_to_ldsTrue_b_preshuffleFalse_c_to_ldsFalse_gfx950,0.0,543.8,1518.95
gfx950,256,1678,1024,4096,False,torch.bfloat16,torch.bfloat16,False,False,flydsl,2932,1,27.5832,flydsl_gemm3_abf16_wbf16_bf16_t64x128x128_split_k1_block_m_warp2_block_n_warp4_block_k_warp2_async_copyTrue_b_to_ldsTrue_b_preshuffleFalse_c_to_ldsFalse_gfx950,0.0048,510.31,927.06
gfx950,256,1678,512,4096,False,torch.bfloat16,torch.bfloat16,False,False,torch,0,0,19.4961,native,0.0,361.0,1008.34
gfx950,256,1680,1,4096,False,torch.bfloat16,torch.bfloat16,False,False,torch,0,0,11.2897,native,0.0,1.22,1220.06
gfx950,256,1678,4096,4096,False,torch.bfloat16,torch.bfloat16,False,False,flydsl,2487,1,66.692,flydsl_gemm3_abf16_wbf16_bf16_t256x128x64_split_k1_block_m_warp4_block_n_warp2_block_k_warp2_async_copyTrue_b_to_ldsTrue_b_preshuffleFalse_c_to_ldsFalse_gfx950,0.0049,844.24,915.35
gfx950,256,1678,8704,4096,False,torch.bfloat16,torch.bfloat16,False,False,asm,10,1,102.7341,_ZN5aiter24bf16gemm_bf16_tn_256x256E,0.0,1164.63,1112.19
gfx950,256,1678,10240,4096,False,torch.bfloat16,torch.bfloat16,False,False,torch,0,0,136.0618,native,0.0,1034.54,970.13
gfx950,256,1680,64,4096,False,torch.bfloat16,torch.bfloat16,False,False,flydsl,2091,4,9.2114,flydsl_gemm5_abf16_wbf16_bf16_t32x64x128_split_k4_block_m_warp1_block_n_warp4_block_k_warp1_async_copyTrue_b_to_ldsTrue_b_preshuffleFalse_c_to_ldsFalse_gfx950,0.0122,95.62,1574.34
gfx950,256,1680,4096,512,False,torch.bfloat16,torch.bfloat16,False,False,flydsl,91,1,12.7196,flydsl_gemm2_abf16_wbf16_bf16_t128x128x64_split_k1_block_m_warp4_block_n_warp4_block_k_warp1_async_copyTrue_b_to_ldsTrue_b_preshuffleFalse_c_to_ldsFalse_gfx950,0.0,553.98,1547.0
gfx950,256,1680,1024,4096,False,torch.bfloat16,torch.bfloat16,False,False,flydsl,2932,1,27.9993,flydsl_gemm3_abf16_wbf16_bf16_t64x128x128_split_k1_block_m_warp2_block_n_warp4_block_k_warp2_async_copyTrue_b_to_ldsTrue_b_preshuffleFalse_c_to_ldsFalse_gfx950,0.0048,503.33,914.02
gfx950,256,1680,512,4096,False,torch.bfloat16,torch.bfloat16,False,False,torch,0,0,19.6861,native,0.0,357.94,999.55
gfx950,256,1687,1,4096,False,torch.bfloat16,torch.bfloat16,False,False,torch,0,0,11.2876,native,0.0,1.22,1225.37
gfx950,256,1680,4096,4096,False,torch.bfloat16,torch.bfloat16,False,False,flydsl,2175,1,67.866,flydsl_gemm3_abf16_wbf16_bf16_t128x256x64_split_k1_block_m_warp4_block_n_warp2_block_k_warp2_async_copyTrue_b_to_ldsTrue_b_preshuffleFalse_c_to_ldsFalse_gfx950,0.0049,830.63,900.0
gfx950,256,1680,8704,4096,False,torch.bfloat16,torch.bfloat16,False,False,asm,10,1,101.2747,_ZN5aiter24bf16gemm_bf16_tn_256x256E,0.0,1182.82,1128.72
gfx950,256,1680,10240,4096,False,torch.bfloat16,torch.bfloat16,False,False,torch,0,0,136.9395,native,0.0,1029.13,964.33
gfx950,256,1687,64,4096,False,torch.bfloat16,torch.bfloat16,False,False,flydsl,2091,4,9.2058,flydsl_gemm5_abf16_wbf16_bf16_t32x64x128_split_k4_block_m_warp1_block_n_warp4_block_k_warp1_async_copyTrue_b_to_ldsTrue_b_preshuffleFalse_c_to_ldsFalse_gfx950,0.0127,96.08,1581.63
gfx950,256,1687,4096,512,False,torch.bfloat16,torch.bfloat16,False,False,flydsl,91,1,12.6601,flydsl_gemm2_abf16_wbf16_bf16_t128x128x64_split_k1_block_m_warp4_block_n_warp4_block_k_warp1_async_copyTrue_b_to_ldsTrue_b_preshuffleFalse_c_to_ldsFalse_gfx950,0.0,558.9,1559.36
gfx950,256,1687,1024,4096,False,torch.bfloat16,torch.bfloat16,False,False,flydsl,2244,1,27.9311,flydsl_gemm3_abf16_wbf16_bf16_t128x64x128_split_k1_block_m_warp2_block_n_warp4_block_k_warp2_async_copyTrue_b_to_ldsTrue_b_preshuffleFalse_c_to_ldsFalse_gfx950,0.0048,506.66,918.81
gfx950,256,1687,512,4096,False,torch.bfloat16,torch.bfloat16,False,False,torch,0,0,19.5946,native,0.0,361.11,1007.51
gfx950,256,1732,1,4096,False,torch.bfloat16,torch.bfloat16,False,False,torch,0,0,11.271,native,0.0,1.26,1259.89
gfx950,256,1687,4096,4096,False,torch.bfloat16,torch.bfloat16,False,False,flydsl,2165,1,68.994,flydsl_gemm3_abf16_wbf16_bf16_t128x256x64_split_k1_block_m_warp1_block_n_warp4_block_k_warp2_async_copyTrue_b_to_ldsTrue_b_preshuffleFalse_c_to_ldsFalse_gfx950,0.0049,820.45,886.95
gfx950,256,1687,8704,4096,False,torch.bfloat16,torch.bfloat16,False,False,asm,10,1,101.8135,_ZN5aiter24bf16gemm_bf16_tn_256x256E,0.0,1181.46,1124.51
gfx950,256,1687,10240,4096,False,torch.bfloat16,torch.bfloat16,False,False,torch,0,0,134.623,native,0.0,1051.2,982.42
gfx950,256,1732,64,4096,False,torch.bfloat16,torch.bfloat16,False,False,flydsl,1671,4,9.8085,flydsl_gemm4_abf16_wbf16_bf16_t32x64x128_split_k4_block_m_warp1_block_n_warp4_block_k_warp1_async_copyTrue_b_to_ldsTrue_b_preshuffleFalse_c_to_ldsFalse_gfx950,0.0126,92.58,1522.61
gfx950,256,1732,4096,512,False,torch.bfloat16,torch.bfloat16,False,False,flydsl,2089,1,13.8135,flydsl_gemm3_abf16_wbf16_bf16_t256x128x64_split_k1_block_m_warp4_block_n_warp2_block_k_warp1_async_copyTrue_b_to_ldsTrue_b_preshuffleFalse_c_to_ldsFalse_gfx950,0.0,525.9,1459.18
gfx950,256,1732,1024,4096,False,torch.bfloat16,torch.bfloat16,False,False,flydsl,3600,1,28.2809,flydsl_gemm4_abf16_wbf16_bf16_t128x64x64_split_k1_block_m_warp4_block_n_warp2_block_k_warp1_async_copyTrue_b_to_ldsTrue_b_preshuffleFalse_c_to_ldsFalse_gfx950,0.0,513.74,923.74
gfx950,256,1732,512,4096,False,torch.bfloat16,torch.bfloat16,False,False,torch,0,0,19.2429,native,0.0,377.52,1047.47
gfx950,256,1750,1,4096,False,torch.bfloat16,torch.bfloat16,False,False,torch,0,0,11.3066,native,0.0,1.27,1268.97
gfx950,256,1732,4096,4096,False,torch.bfloat16,torch.bfloat16,False,False,flydsl,2487,1,70.458,flydsl_gemm3_abf16_wbf16_bf16_t256x128x64_split_k1_block_m_warp4_block_n_warp2_block_k_warp2_async_copyTrue_b_to_ldsTrue_b_preshuffleFalse_c_to_ldsFalse_gfx950,0.0049,824.84,878.98
gfx950,256,1732,8704,4096,False,torch.bfloat16,torch.bfloat16,False,False,torch,0,0,104.2703,native,0.0,1184.39,1109.06
gfx950,256,1732,10240,4096,False,torch.bfloat16,torch.bfloat16,False,False,torch,0,0,143.839,native,0.0,1010.09,928.44
gfx950,256,1750,64,4096,False,torch.bfloat16,torch.bfloat16,False,False,flydsl,2091,4,9.491,flydsl_gemm5_abf16_wbf16_bf16_t32x64x128_split_k4_block_m_warp1_block_n_warp4_block_k_warp1_async_copyTrue_b_to_ldsTrue_b_preshuffleFalse_c_to_ldsFalse_gfx950,0.0124,96.67,1589.33
gfx950,256,1750,4096,512,False,torch.bfloat16,torch.bfloat16,False,False,flydsl,2091,1,14.0955,flydsl_gemm3_abf16_wbf16_bf16_t256x128x64_split_k1_block_m_warp4_block_n_warp4_block_k_warp1_async_copyTrue_b_to_ldsTrue_b_preshuffleFalse_c_to_ldsFalse_gfx950,0.0,520.74,1441.76
gfx950,256,1750,1024,4096,False,torch.bfloat16,torch.bfloat16,False,False,flydsl,3597,1,27.9711,flydsl_gemm4_abf16_wbf16_bf16_t128x64x64_split_k1_block_m_warp2_block_n_warp4_block_k_warp1_async_copyTrue_b_to_ldsTrue_b_preshuffleFalse_c_to_ldsFalse_gfx950,0.0,524.83,940.56
gfx950,256,1750,512,4096,False,torch.bfloat16,torch.bfloat16,False,False,torch,0,0,19.2836,native,0.0,380.64,1053.86
gfx950,256,1751,1,4096,False,torch.bfloat16,torch.bfloat16,False,False,torch,0,0,11.3386,native,0.0,1.27,1266.11
gfx950,256,1750,4096,4096,False,torch.bfloat16,torch.bfloat16,False,False,flydsl,2171,1,69.0132,flydsl_gemm3_abf16_wbf16_bf16_t128x256x64_split_k1_block_m_warp2_block_n_warp4_block_k_warp2_async_copyTrue_b_to_ldsTrue_b_preshuffleFalse_c_to_ldsFalse_gfx950,0.0049,850.86,901.66
gfx950,256,1750,8704,4096,False,torch.bfloat16,torch.bfloat16,False,False,torch,0,0,104.2474,native,0.0,1196.97,1113.73
gfx950,256,1750,10240,4096,False,torch.bfloat16,torch.bfloat16,False,False,torch,0,0,144.1963,native,0.0,1018.06,929.72
gfx950,256,1751,64,4096,False,torch.bfloat16,torch.bfloat16,False,False,flydsl,2896,4,10.0573,flydsl_gemm8_abf16_wbf16_bf16_t48x64x64_split_k4_block_m_warp1_block_n_warp2_block_k_warp1_async_copyTrue_b_to_ldsTrue_b_preshuffleFalse_c_to_ldsFalse_gfx950,0.0123,91.28,1500.66
gfx950,256,1751,4096,512,False,torch.bfloat16,torch.bfloat16,False,False,flydsl,91,1,12.987,flydsl_gemm2_abf16_wbf16_bf16_t128x128x64_split_k1_block_m_warp4_block_n_warp4_block_k_warp1_async_copyTrue_b_to_ldsTrue_b_preshuffleFalse_c_to_ldsFalse_gfx950,0.0,565.51,1565.53
gfx950,256,1751,1024,4096,False,torch.bfloat16,torch.bfloat16,False,False,flydsl,3597,1,27.9317,flydsl_gemm4_abf16_wbf16_bf16_t128x64x64_split_k1_block_m_warp2_block_n_warp4_block_k_warp1_async_copyTrue_b_to_ldsTrue_b_preshuffleFalse_c_to_ldsFalse_gfx950,0.0,525.87,942.26
gfx950,256,1751,512,4096,False,torch.bfloat16,torch.bfloat16,False,False,flydsl,4888,1,20.0922,flydsl_gemm5_abf16_wbf16_bf16_t64x64x128_split_k1_block_m_warp2_block_n_warp2_block_k_warp2_async_copyTrue_b_to_ldsTrue_b_preshuffleFalse_c_to_ldsFalse_gfx950,0.0049,365.53,1011.91
gfx950,256,1783,1,4096,False,torch.bfloat16,torch.bfloat16,False,False,torch,0,0,11.3201,native,0.0,1.29,1291.34
gfx950,256,1751,4096,4096,False,torch.bfloat16,torch.bfloat16,False,False,flydsl,2487,1,70.1604,flydsl_gemm3_abf16_wbf16_bf16_t256x128x64_split_k1_block_m_warp4_block_n_warp2_block_k_warp2_async_copyTrue_b_to_ldsTrue_b_preshuffleFalse_c_to_ldsFalse_gfx950,0.0049,837.42,887.15
gfx950,256,1751,8704,4096,False,torch.bfloat16,torch.bfloat16,False,False,asm,10,1,100.6707,_ZN5aiter24bf16gemm_bf16_tn_256x256E,0.0,1240.2,1153.55
gfx950,256,1751,10240,4096,False,torch.bfloat16,torch.bfloat16,False,False,torch,0,0,143.7931,native,0.0,1021.5,932.53
gfx950,256,1783,64,4096,False,torch.bfloat16,torch.bfloat16,False,False,flydsl,1548,2,9.974,flydsl_gemm4_abf16_wbf16_bf16_t16x64x128_split_k2_block_m_warp1_block_n_warp1_block_k_warp2_async_copyTrue_b_to_ldsTrue_b_preshuffleFalse_c_to_ldsFalse_gfx950,0.0131,93.72,1539.89
gfx950,256,1783,4096,512,False,torch.bfloat16,torch.bfloat16,False,False,flydsl,91,1,13.1711,flydsl_gemm2_abf16_wbf16_bf16_t128x128x64_split_k1_block_m_warp4_block_n_warp4_block_k_warp1_async_copyTrue_b_to_ldsTrue_b_preshuffleFalse_c_to_ldsFalse_gfx950,0.0,567.79,1566.04
gfx950,256,1783,1024,4096,False,torch.bfloat16,torch.bfloat16,False,False,flydsl,2249,1,28.3507,flydsl_gemm3_abf16_wbf16_bf16_t128x64x128_split_k1_block_m_warp4_block_n_warp2_block_k_warp2_async_copyTrue_b_to_ldsTrue_b_preshuffleFalse_c_to_ldsFalse_gfx950,0.0048,527.57,939.89
gfx950,256,1783,512,4096,False,torch.bfloat16,torch.bfloat16,False,False,torch,0,0,20.0228,native,0.0,373.5,1030.15
gfx950,256,1789,1,4096,False,torch.bfloat16,torch.bfloat16,False,False,torch,0,0,11.3301,native,0.0,1.29,1294.54
gfx950,256,1783,4096,4096,False,torch.bfloat16,torch.bfloat16,False,False,flydsl,2483,1,70.1416,flydsl_gemm3_abf16_wbf16_bf16_t256x128x64_split_k1_block_m_warp2_block_n_warp4_block_k_warp2_async_copyTrue_b_to_ldsTrue_b_preshuffleFalse_c_to_ldsFalse_gfx950,0.0049,852.95,894.86
gfx950,256,1783,8704,4096,False,torch.bfloat16,torch.bfloat16,False,False,torch,0,0,104.4099,native,0.0,1217.64,1120.09
gfx950,256,1783,10240,4096,False,torch.bfloat16,torch.bfloat16,False,False,torch,0,0,146.2271,native,0.0,1022.85,923.28
gfx950,256,1789,64,4096,False,torch.bfloat16,torch.bfloat16,False,False,flydsl,2896,4,10.1478,flydsl_gemm8_abf16_wbf16_bf16_t48x64x64_split_k4_block_m_warp1_block_n_warp2_block_k_warp1_async_copyTrue_b_to_ldsTrue_b_preshuffleFalse_c_to_ldsFalse_gfx950,0.0127,92.43,1518.43
gfx950,256,1789,4096,512,False,torch.bfloat16,torch.bfloat16,False,False,flydsl,91,1,13.4059,flydsl_gemm2_abf16_wbf16_bf16_t128x128x64_split_k1_block_m_warp4_block_n_warp4_block_k_warp1_async_copyTrue_b_to_ldsTrue_b_preshuffleFalse_c_to_ldsFalse_gfx950,0.0,559.72,1542.73
gfx950,256,1789,1024,4096,False,torch.bfloat16,torch.bfloat16,False,False,flydsl,2249,1,28.5769,flydsl_gemm3_abf16_wbf16_bf16_t128x64x128_split_k1_block_m_warp4_block_n_warp2_block_k_warp2_async_copyTrue_b_to_ldsTrue_b_preshuffleFalse_c_to_ldsFalse_gfx950,0.0048,525.15,934.6
gfx950,256,1789,512,4096,False,torch.bfloat16,torch.bfloat16,False,False,torch,0,0,20.1265,native,0.0,372.82,1027.59
gfx950,256,1798,1,4096,False,torch.bfloat16,torch.bfloat16,False,False,torch,0,0,11.2971,native,0.0,1.3,1304.85
gfx950,256,1789,4096,4096,False,torch.bfloat16,torch.bfloat16,False,False,flydsl,2171,1,70.9396,flydsl_gemm3_abf16_wbf16_bf16_t128x256x64_split_k1_block_m_warp2_block_n_warp4_block_k_warp2_async_copyTrue_b_to_ldsTrue_b_preshuffleFalse_c_to_ldsFalse_gfx950,0.0049,846.2,886.18
gfx950,256,1789,8704,4096,False,torch.bfloat16,torch.bfloat16,False,False,asm,10,1,102.0595,_ZN5aiter24bf16gemm_bf16_tn_256x256E,0.0,1249.87,1147.39
gfx950,256,1789,10240,4096,False,torch.bfloat16,torch.bfloat16,False,False,torch,0,0,145.6135,native,0.0,1030.62,928.35
gfx950,256,1798,64,4096,False,torch.bfloat16,torch.bfloat16,False,False,flydsl,2878,4,10.1039,flydsl_gemm8_abf16_wbf16_bf16_t32x64x64_split_k4_block_m_warp2_block_n_warp2_block_k_warp1_async_copyTrue_b_to_ldsTrue_b_preshuffleFalse_c_to_ldsFalse_gfx950,0.0123,93.3,1532.44
gfx950,256,1798,4096,512,False,torch.bfloat16,torch.bfloat16,False,False,flydsl,2089,1,14.2886,flydsl_gemm3_abf16_wbf16_bf16_t256x128x64_split_k1_block_m_warp4_block_n_warp2_block_k_warp1_async_copyTrue_b_to_ldsTrue_b_preshuffleFalse_c_to_ldsFalse_gfx950,0.0,527.79,1453.23
gfx950,256,1798,1024,4096,False,torch.bfloat16,torch.bfloat16,False,False,flydsl,2932,1,28.5261,flydsl_gemm3_abf16_wbf16_bf16_t64x128x128_split_k1_block_m_warp2_block_n_warp4_block_k_warp2_async_copyTrue_b_to_ldsTrue_b_preshuffleFalse_c_to_ldsFalse_gfx950,0.0048,528.73,939.49
gfx950,256,1798,512,4096,False,torch.bfloat16,torch.bfloat16,False,False,torch,0,0,19.3854,native,0.0,389.02,1071.15
gfx950,256,1809,1,4096,False,torch.bfloat16,torch.bfloat16,False,False,torch,0,0,11.3527,native,0.0,1.31,1306.4
gfx950,256,1798,4096,4096,False,torch.bfloat16,torch.bfloat16,False,False,flydsl,2171,1,70.8457,flydsl_gemm3_abf16_wbf16_bf16_t128x256x64_split_k1_block_m_warp2_block_n_warp4_block_k_warp2_async_copyTrue_b_to_ldsTrue_b_preshuffleFalse_c_to_ldsFalse_gfx950,0.0049,851.58,889.44
gfx950,256,1798,8704,4096,False,torch.bfloat16,torch.bfloat16,False,False,torch,0,0,130.8002,native,0.0,980.14,897.03
gfx950,256,1798,10240,4096,False,torch.bfloat16,torch.bfloat16,False,False,torch,0,0,149.3081,native,0.0,1010.17,907.11
gfx950,256,1809,64,4096,False,torch.bfloat16,torch.bfloat16,False,False,flydsl,1740,4,10.3987,flydsl_gemm4_abf16_wbf16_bf16_t48x64x64_split_k4_block_m_warp1_block_n_warp2_block_k_warp1_async_copyTrue_b_to_ldsTrue_b_preshuffleFalse_c_to_ldsFalse_gfx950,0.0125,91.21,1497.8
gfx950,256,1809,4096,512,False,torch.bfloat16,torch.bfloat16,False,False,flydsl,91,1,14.3267,flydsl_gemm2_abf16_wbf16_bf16_t128x128x64_split_k1_block_m_warp4_block_n_warp4_block_k_warp1_async_copyTrue_b_to_ldsTrue_b_preshuffleFalse_c_to_ldsFalse_gfx950,0.0,529.61,1456.44
gfx950,256,1809,512,4096,False,torch.bfloat16,torch.bfloat16,False,False,flydsl,4888,1,20.1229,flydsl_gemm5_abf16_wbf16_bf16_t64x64x128_split_k1_block_m_warp2_block_n_warp2_block_k_warp2_async_copyTrue_b_to_ldsTrue_b_preshuffleFalse_c_to_ldsFalse_gfx950,0.0049,377.06,1036.93
gfx950,256,1809,1024,4096,False,torch.bfloat16,torch.bfloat16,False,False,flydsl,2932,1,28.2004,flydsl_gemm3_abf16_wbf16_bf16_t64x128x128_split_k1_block_m_warp2_block_n_warp4_block_k_warp2_async_copyTrue_b_to_ldsTrue_b_preshuffleFalse_c_to_ldsFalse_gfx950,0.0048,538.11,954.34
gfx950,256,1809,4096,4096,False,torch.bfloat16,torch.bfloat16,False,False,flydsl,2487,1,72.6744,flydsl_gemm3_abf16_wbf16_bf16_t256x128x64_split_k1_block_m_warp4_block_n_warp2_block_k_warp2_async_copyTrue_b_to_ldsTrue_b_preshuffleFalse_c_to_ldsFalse_gfx950,0.0049,835.23,869.54
gfx950,256,1809,8704,4096,False,torch.bfloat16,torch.bfloat16,False,False,torch,0,0,135.4385,native,0.0,952.37,868.39
gfx950,256,1809,10240,4096,False,torch.bfloat16,torch.bfloat16,False,False,torch,0,0,150.7662,native,0.0,1006.52,900.43
gfx950,256,1821,64,4096,False,torch.bfloat16,torch.bfloat16,False,False,flydsl,2845,2,9.9348,flydsl_gemm8_abf16_wbf16_bf16_t16x64x64_split_k2_block_m_warp1_block_n_warp2_block_k_warp1_async_copyTrue_b_to_ldsTrue_b_preshuffleFalse_c_to_ldsFalse_gfx950,0.0054,96.1,1577.79
gfx950,256,1821,4096,512,False,torch.bfloat16,torch.bfloat16,False,False,flydsl,75,1,14.5958,flydsl_gemm2_abf16_wbf16_bf16_t128x128x64_split_k1_block_m_warp1_block_n_warp4_block_k_warp1_async_copyTrue_b_to_ldsTrue_b_preshuffleFalse_c_to_ldsFalse_gfx950,0.0,523.29,1437.17
gfx950,256,1821,512,4096,False,torch.bfloat16,torch.bfloat16,False,False,flydsl,4201,1,20.2563,flydsl_gemm4_abf16_wbf16_bf16_t64x64x128_split_k1_block_m_warp2_block_n_warp4_block_k_warp1_async_copyTrue_b_to_ldsTrue_b_preshuffleFalse_c_to_ldsFalse_gfx950,0.0,377.06,1035.56
gfx950,256,1821,1024,4096,False,torch.bfloat16,torch.bfloat16,False,False,flydsl,2932,1,28.5776,flydsl_gemm3_abf16_wbf16_bf16_t64x128x128_split_k1_block_m_warp2_block_n_warp4_block_k_warp2_async_copyTrue_b_to_ldsTrue_b_preshuffleFalse_c_to_ldsFalse_gfx950,0.0048,534.53,946.04
gfx950,256,1821,4096,4096,False,torch.bfloat16,torch.bfloat16,False,False,flydsl,2171,1,70.1068,flydsl_gemm3_abf16_wbf16_bf16_t128x256x64_split_k1_block_m_warp2_block_n_warp4_block_k_warp2_async_copyTrue_b_to_ldsTrue_b_preshuffleFalse_c_to_ldsFalse_gfx950,0.0049,871.56,904.19
gfx950,256,1821,8704,4096,False,torch.bfloat16,torch.bfloat16,False,False,torch,0,0,134.6477,native,0.0,964.32,875.77
gfx950,256,1821,10240,4096,False,torch.bfloat16,torch.bfloat16,False,False,torch,0,0,153.6995,native,0.0,993.86,885.48
gfx950,256,1827,64,4096,False,torch.bfloat16,torch.bfloat16,False,False,flydsl,2127,4,9.5786,flydsl_gemm5_abf16_wbf16_bf16_t32x64x64_split_k4_block_m_warp1_block_n_warp4_block_k_warp1_async_copyTrue_b_to_ldsTrue_b_preshuffleFalse_c_to_ldsFalse_gfx950,0.0125,100.0,1641.67
gfx950,256,1827,4096,512,False,torch.bfloat16,torch.bfloat16,False,False,flydsl,84,1,14.2836,flydsl_gemm2_abf16_wbf16_bf16_t128x128x64_split_k1_block_m_warp2_block_n_warp4_block_k_warp1_async_copyTrue_b_to_ldsTrue_b_preshuffleFalse_c_to_ldsFalse_gfx950,0.0,536.49,1472.45
gfx950,256,1827,512,4096,False,torch.bfloat16,torch.bfloat16,False,False,torch,0,0,19.7049,native,0.0,388.89,1067.35
gfx950,256,1827,1024,4096,False,torch.bfloat16,torch.bfloat16,False,False,flydsl,3597,1,28.9572,flydsl_gemm4_abf16_wbf16_bf16_t128x64x64_split_k1_block_m_warp2_block_n_warp4_block_k_warp1_async_copyTrue_b_to_ldsTrue_b_preshuffleFalse_c_to_ldsFalse_gfx950,0.0,529.26,935.76
gfx950,256,1827,4096,4096,False,torch.bfloat16,torch.bfloat16,False,False,flydsl,2171,1,70.8824,flydsl_gemm3_abf16_wbf16_bf16_t128x256x64_split_k1_block_m_warp2_block_n_warp4_block_k_warp2_async_copyTrue_b_to_ldsTrue_b_preshuffleFalse_c_to_ldsFalse_gfx950,0.0049,864.87,895.68
gfx950,256,1827,8704,4096,False,torch.bfloat16,torch.bfloat16,False,False,torch,0,0,136.2679,native,0.0,955.99,866.49
gfx950,256,1827,10240,4096,False,torch.bfloat16,torch.bfloat16,False,False,torch,0,0,151.3712,native,0.0,1012.48,900.24
gfx950,256,8192,64,4096,False,torch.bfloat16,torch.bfloat16,False,False,flydsl,2890,1,19.7401,flydsl_gemm8_abf16_wbf16_bf16_t48x64x64_split_k1_block_m_warp1_block_n_warp2_block_k_warp1_async_copyTrue_b_to_ldsTrue_b_preshuffleFalse_c_to_ldsFalse_gfx950,0.0,217.58,3479.3
gfx950,256,2541,64,4096,False,torch.bfloat16,torch.bfloat16,False,False,flydsl,1728,4,11.3885,flydsl_gemm4_abf16_wbf16_bf16_t48x64x128_split_k4_block_m_warp1_block_n_warp2_block_k_warp1_async_copyTrue_b_to_ldsTrue_b_preshuffleFalse_c_to_ldsFalse_gfx950,0.0114,116.98,1902.39
gfx950,256,8192,512,4096,False,torch.bfloat16,torch.bfloat16,False,False,opus,6403,0,50.5005,opus_gemm_mono_tile_512x128x128x64_2x4_16x16x32_0x0x0_nooob_4g_safe,0.0,680.38,1578.04
